routine	file	line	flat_seconds	flat_fraction	cumulative_seconds	cumulative_fraction	source
backpack-brawl-solver/internal/solver.(*outgoingBoundContext).shouldPrune	outgoing_bound.go	114	0	0	11.19	0.0473150105708245	upper := ctx.upperPriorityCounts(placements)
backpack-brawl-solver/internal/solver.repairSearch	repair.go	178	0	0	6.55	0.0276955602536998	partial := runRepairNeighborhood(
backpack-brawl-solver/internal/solver.runRepairNeighborhood	repair.go	834	0	0	6.52	0.027568710359408	result := runRepairTasks(catalog, original, repairInstances, optionsByInstance, tasks, incumbents, config, gridMask, coverage, exactBounds, outgoingBounds)
backpack-brawl-solver/internal/solver.runRepairTask	repair.go	1216	0	0	6.52	0.027568710359408	visit(task.Index, task.Occupied, append([]model.Placement(nil), task.Placements...), task.CoverageState, task.BoundState, task.PartialState)
backpack-brawl-solver/internal/solver.runRepairTask.func1	repair.go	1150	0	0	3.27	0.0138266384778013	pruned = outgoingBounds.shouldPrune(placements, results, config.TopN)
backpack-brawl-solver/internal/solver.runRepairTask.func1	repair.go	1197	0.08	0.000338266384778013	6.52	0.027568710359408	visit(index+1, occupied|option.Mask, placements, nextState, nextBoundState, nextPartialState)
backpack-brawl-solver/internal/solver.runRepairTasks	repair.go	1000	0	0	6.52	0.027568710359408	partial := runRepairTask(catalog, original, repairInstances, optionsByInstance, task, incumbents, config, gridMask, coverage, exactBounds, outgoingBounds)
backpack-brawl-solver/internal/solver.runTask	solver.go	2387	0	0	73.15	0.309302325581395	visit(task.Index, task.Occupied, append([]model.Placement(nil), task.Placements...), coverageState, initialBoundState)
backpack-brawl-solver/internal/solver.runTask.func3	solver.go	2321	0	0	7.95	0.033615221987315	pruned = outgoingBounds.shouldPrune(placements, results, config.TopN)
backpack-brawl-solver/internal/solver.runTask.func3	solver.go	2331	0.04	0.000169133192389006	62.04	0.262325581395349	results = insertCandidateWithScoreOnlyFilter(catalog, results, placements, original, config)
backpack-brawl-solver/internal/solver.runTask.func3	solver.go	2370	0.26	0.00109936575052854	73.15	0.309302325581395	visit(index+1, occupied|option.Mask, placements, nextState, nextBoundState)
backpack-brawl-solver/internal/solver.runTasks	solver.go	2116	0	0	73.16	0.309344608879493	partial := runTask(catalog, original, ordered, optionsByInstance, task, config, gridMask, coverage, exactBounds, outgoingBounds, priorityBounds, initialSolutions, &stopFlag, progress)
backpack-brawl-solver/internal/solver.selectPlateauEntries	plateau.go	426	1.01	0.00427061310782241	9.71	0.0410570824524313	bySignature[entry.signature] = append(bySignature[entry.signature], entry)
backpack-brawl-solver/internal/solver.selectPlateauEntries	plateau.go	431	0.87	0.00367864693446089	7.18	0.0303594080338266	representatives = append(representatives, group[0])
backpack-brawl-solver/internal/solver.selectPlateauEntries	plateau.go	433	0	0	6.5	0.0274841437632135	sortPlateauEntries(representatives)
backpack-brawl-solver/internal/solver.selectPlateauEntries	plateau.go	434	0	0	2.82	0.0119238900634249	selected := make([]plateauArchiveEntry, 0, capacity)
backpack-brawl-solver/internal/solver.selectPlateauEntries	plateau.go	443	0	0	3.25	0.0137420718816068	sortPlateauEntries(entries)
backpack-brawl-solver/internal/solver.selectPlateauEntries	plateau.go	454	0	0	5.68	0.0240169133192389	sortPlateauEntries(selected)
backpack-brawl-solver/internal/solver.solveLayoutStage	solver.go	989	0	0	6.43	0.0271881606765328	packingSeed = packingSeedSearch(catalog, instances, packingOrder, optionsByInstance, withTracePhase(searchConfig, tracePhasePackingSeed), gridMask, packingBudget, progress)
backpack-brawl-solver/internal/solver.solveLayoutStage	solver.go	994	0	0	7.78	0.0328964059196617	constellationSeed, constellationDiagnostics = constellationSeedSearch(catalog, instances, optionsByInstance, withTracePhase(searchConfig, tracePhaseConstellationSeed), gridMask, config.policy.ConstellationSeedNodeBudget, starPotential, progress)
backpack-brawl-solver/internal/solver.solveLayoutStage	solver.go	1006	0	0	3.23	0.0136575052854123	objectiveStarSeed = starSeedSearch(catalog, instances, ordered, optionsByInstance, withTracePhase(searchConfig, tracePhaseStarSeed), gridMask, starBudget, starPotential, progress)
backpack-brawl-solver/internal/solver.solveLayoutStage	solver.go	1107	0	0	2.75	0.0116279069767442	repair = repairSearch(catalog, instances, optionsByInstance, withTracePhase(searchConfig, tracePhasePreRepair), coverage, outgoingBounds, gridMask, preRepairBudget, seed.Solutions, progress)
backpack-brawl-solver/internal/solver.solveLayoutStage	solver.go	1191	0	0	73.17	0.30938689217759	search = runTasks(catalog, instances, ordered, optionsByInstance, tasks, withTracePhase(backtrackConfig, tracePhaseDFS), gridMask, coverage, exactBounds, outgoingBounds, priorityBounds, initialSolutions, progress)
backpack-brawl-solver/internal/solver.solveLayoutStage	solver.go	1229	0	0	4.44	0.0187737843551797	postRepair := repairSearch(catalog, instances, optionsByInstance, withTracePhase(searchConfig, tracePhasePostRepair), coverage, outgoingBounds, gridMask, postRepairBudget, results, progress)
backpack-brawl-solver/internal/solver.placementRespectsCanonicalCopyOrder	solver.go	2830	0.47	0.00198731501057082	2.51	0.0106131078224101	for _, other := range existing {
backpack-brawl-solver/internal/solver.partialRepairV3PriorityUpperBound	partial_repair_bound.go	52	0	0	3.21	0.0135729386892178	count = partialRepairStarUpperForItem(catalog, sourceItemID, anchored, removed, removedOptions, compatibility)
backpack-brawl-solver/internal/solver.partialRepairStarUpperForItem	partial_repair_bound.go	193	0	0	3.21	0.0135729386892178	upper += partialRepairSourceStarUpper(catalog, &anchored[sourceIndex], model.InventoryInstance{}, anchored, removed, removedOptions, compatibility)
backpack-brawl-solver/internal/solver.partialRepairSourceStarUpper	partial_repair_bound.go	231	0.04	0.000169133192389006	3.09	0.0130655391120507	if partialRepairSlotCanHitRemovedTarget(catalog, fixedSource, removedSource, removed[targetIndex], starIndex, removedOptions, compatibility) {
backpack-brawl-solver/internal/solver.(*outgoingBoundContext).upperPriorityCounts	outgoing_bound.go	123	0	0	10.77	0.04553911205074	return ctx.upperPriorityCountsIndexed(placements, index)
backpack-brawl-solver/internal/solver.(*outgoingBoundContext).upperPriorityCountsIndexed	outgoing_bound.go	195	0.22	0.000930232558139535	5.61	0.0237209302325581	if sourceHitsTargetWithCatalog(ctx.catalog, sourcePlacement, targetPlacement) {
backpack-brawl-solver/internal/solver.(*outgoingBoundContext).upperPriorityCountsIndexed	outgoing_bound.go	201	0.13	0.000549682875264271	2.88	0.0121775898520085	targets |= ctx.potential.outgoingTargets[coveragePlacementKey(sourcePlacement)] &^ placedMask
backpack-brawl-solver/internal/solver.(*plateauArchive).observe	plateau.go	76	0	0	3.19	0.0134883720930233	signature: canonicalLinkSignature(solution.Placements, solution.Evaluation.Stars),
backpack-brawl-solver/internal/solver.(*plateauArchive).observe	plateau.go	87	0.03	0.000126849894291755	6.45	0.0272727272727273	archive.entries = append(archive.entries, entry)
backpack-brawl-solver/internal/solver.(*plateauArchive).observe	plateau.go	88	0.02	8.45665961945032E-05	40.32	0.170486257928118	archive.entries = selectPlateauEntries(archive.entries, archive.capacity)
backpack-brawl-solver/internal/solver.SolveLayout	solver.go	541	0	0	99.17	0.419323467230444	stageResults, err := solveLayoutStage(catalog, itemIDs, gridMask, stageConfig)
backpack-brawl-solver/internal/solver.canonicalLayoutDigest	diagnostics.go	763	0.07	0.000295983086680761	2.48	0.0104862579281184	parts = append(parts, canonicalPlacementKey(placement))
backpack-brawl-solver/internal/solver.canonicalLayoutHash	diagnostics.go	770	0.01	4.22832980972516E-05	3.84	0.0162367864693446	digest := canonicalLayoutDigest(placements)
backpack-brawl-solver/internal/solver.canonicalLinkSignature	plateau.go	486	0	0	3.19	0.0134883720930233	return strings.Join(canonicalLinkTokens(placements, stars), ";")
backpack-brawl-solver/internal/solver.canonicalLinkTokens	plateau.go	490	0	0	2.89	0.0122198731501057	physicalIDs := physicalInstanceIDs(placements)
backpack-brawl-solver/internal/solver.sortPlateauEntries	plateau.go	459	0.01	4.22832980972516E-05	16.84	0.0712050739957717	sort.Slice(entries, func(i, j int) bool {
backpack-brawl-solver/internal/solver.constellationSeedSearch	constellation_seed.go	274	0	0	4.32	0.0182663847780127	advanceSources(source, sourceIndex == len(sources)-1)
backpack-brawl-solver/internal/solver.coveragePlacementKey	coverage.go	548	0.02	8.45665961945032E-05	2.53	0.0106976744186046	return placement.InstanceID + "\x00" + placementKey(placement)
backpack-brawl-solver/internal/solver.evaluateLayoutForConfig	solver.go	2506	0.01	4.22832980972516E-05	3.67	0.0155179704016913	return scoring.EvaluateLayoutWithCoverageGroupsAndSemantics(catalog, placements, config.Priorities, config.CoverageGroups, config.PrioritySemantics)
backpack-brawl-solver/internal/solver.evaluateScoreForConfig	solver.go	2510	0.03	0.000126849894291755	5.89	0.0249048625792812	return scoring.EvaluateScoreOnlyWithCoverageGroupsAndSemantics(catalog, placements, config.Priorities, config.CoverageGroups, config.PrioritySemantics)
backpack-brawl-solver/internal/solver.filterConstellationPriorityFeasibleStates	constellation_seed.go	852	0	0	5.47	0.0231289640591966	upper = partialRepairV3PriorityUpperBound(catalog, partial, optionsByInstance, config.Priorities, compatibility)
backpack-brawl-solver/internal/solver.insertCandidateWithScoreOnlyFilter	solver.go	2735	0.01	4.22832980972516E-05	3.12	0.0131923890063425	score := evaluateScoreForConfig(catalog, placements, config)
backpack-brawl-solver/internal/solver.insertCandidateWithScoreOnlyFilter	solver.go	2736	0.01	4.22832980972516E-05	59.44	0.251331923890063	observeSearchCandidate(catalog, placements, original, score, true, config)
backpack-brawl-solver/internal/solver.observeSearchCandidate	plateau.go	616	0	0	3.61	0.0152642706131078	computed := evaluateLayoutForConfig(catalog, placements, config)
backpack-brawl-solver/internal/solver.observeSearchCandidate	plateau.go	622	0	0	3.85	0.0162790697674419	CanonicalLayoutHash: canonicalLayoutHash(placements),
backpack-brawl-solver/internal/solver.observeSearchCandidate	plateau.go	628	0	0	51.21	0.216532769556025	config.plateauArchive.observe(solution, origin)
backpack-brawl-solver/internal/solver.packingFeasibility	packing_seed.go	261	0.19	0.00080338266384778	2.81	0.0118816067653277	if option.Mask&occupied == 0 && placementRespectsCanonicalCopyOrder(option, placements) {
backpack-brawl-solver/internal/solver.packingSeedSearch	packing_seed.go	138	0	0	3.97	0.0167864693446089	restricted, flexibility, feasible = packingFeasibility(ordered[index+1:], optionsByInstance, nextOccupied, nextPlaced)
backpack-brawl-solver/internal/solver.constellationSeedSearch.func5	constellation_seed.go	269	0	0	4.19	0.0177167019027484	next = filterConstellationPriorityFeasibleStates(catalog, instances, optionsByInstance, gridMask, config, next, operationCounters)
backpack-brawl-solver/internal/solver.sourceHitsTargetWithCatalog	coverage.go	540	0.13	0.000549682875264271	4.49	0.018985200845666	if scoring.StarMatchesCatalogItems(catalog, source.ItemID, target.ItemID, &starPosition.Star) {
