inventory_key	scenario	total_seconds	flat_seconds	flat_fraction	cumulative_seconds	cumulative_fraction
function:backpack-brawl-solver/internal/benchmark.runScenario	gsv2-013	7.09	0	0	4.43	0.624823695345557
function:backpack-brawl-solver/internal/benchmark.runScenario	gsv2-015	7.13	0	0	4.15	0.582047685834502
function:backpack-brawl-solver/internal/benchmark.runScenario	gsv2-016	8.27	0	0	5.21	0.629987908101572
function:backpack-brawl-solver/internal/benchmark.runScenario	gsv2-018	120.54	0	0	41.05	0.340550854488137
function:backpack-brawl-solver/internal/benchmark.runScenario	gsv2-021	11.78	0	0	7.72	0.6553480475382
function:backpack-brawl-solver/internal/benchmark.runScenario	gsv2-024	80.04	0	0	36.11	0.451149425287356
function:backpack-brawl-solver/internal/benchmark.RunScenarios	gsv2-013	7.09	0	0	4.45	0.627644569816643
function:backpack-brawl-solver/internal/benchmark.RunScenarios	gsv2-015	7.13	0	0	4.16	0.583450210378682
function:backpack-brawl-solver/internal/benchmark.RunScenarios	gsv2-016	8.27	0	0	5.23	0.632406287787183
function:backpack-brawl-solver/internal/benchmark.RunScenarios	gsv2-018	120.54	0	0	41.07	0.340716774514684
function:backpack-brawl-solver/internal/benchmark.RunScenarios	gsv2-021	11.78	0	0	7.74	0.65704584040747
function:backpack-brawl-solver/internal/benchmark.RunScenarios	gsv2-024	80.04	0	0	36.11	0.451149425287356
function:backpack-brawl-solver/internal/cli.Run	gsv2-013	7.09	0	0	4.45	0.627644569816643
function:backpack-brawl-solver/internal/cli.Run	gsv2-015	7.13	0	0	4.16	0.583450210378682
function:backpack-brawl-solver/internal/cli.Run	gsv2-016	8.27	0	0	5.23	0.632406287787183
function:backpack-brawl-solver/internal/cli.Run	gsv2-018	120.54	0	0	41.07	0.340716774514684
function:backpack-brawl-solver/internal/cli.Run	gsv2-021	11.78	0	0	7.74	0.65704584040747
function:backpack-brawl-solver/internal/cli.Run	gsv2-024	80.04	0	0	36.05	0.45039980009995
function:backpack-brawl-solver/internal/cli.runBenchmarkScenarios	gsv2-013	7.09	0	0	4.45	0.627644569816643
function:backpack-brawl-solver/internal/cli.runBenchmarkScenarios	gsv2-015	7.13	0	0	4.16	0.583450210378682
function:backpack-brawl-solver/internal/cli.runBenchmarkScenarios	gsv2-016	8.27	0	0	5.23	0.632406287787183
function:backpack-brawl-solver/internal/cli.runBenchmarkScenarios	gsv2-018	120.54	0	0	41.07	0.340716774514684
function:backpack-brawl-solver/internal/cli.runBenchmarkScenarios	gsv2-021	11.78	0	0	7.74	0.65704584040747
function:backpack-brawl-solver/internal/cli.runBenchmarkScenarios	gsv2-024	80.04	0	0	36.09	0.450899550224888
function:backpack-brawl-solver/internal/model.ComparePriorityCounts	gsv2-013	7.09	0.02	0.00282087447108604	0.02	0.00282087447108604
function:backpack-brawl-solver/internal/model.ComparePriorityCounts	gsv2-015	7.13	0.01	0.00140252454417952	0.01	0.00140252454417952
function:backpack-brawl-solver/internal/model.ComparePriorityCounts	gsv2-016	8.27	0.01	0.00120918984280532	0.01	0.00120918984280532
function:backpack-brawl-solver/internal/model.ComparePriorityCounts	gsv2-018	120.54	0.35	0.00290360046457607	0.35	0.00290360046457607
function:backpack-brawl-solver/internal/model.ComparePriorityCounts	gsv2-021	11.78	0.01	0.000848896434634975	0.01	0.000848896434634975
function:backpack-brawl-solver/internal/model.ComparePriorityCounts	gsv2-024	80.04	0.22	0.00274862568715642	0.22	0.00274862568715642
function:backpack-brawl-solver/internal/model.CompareScores	gsv2-013	7.09	0	0	0.01	0.00141043723554302
function:backpack-brawl-solver/internal/model.CompareScores	gsv2-015	7.13	0	0	0.01	0.00140252454417952
function:backpack-brawl-solver/internal/model.CompareScores	gsv2-016	8.27	0	0	0	0
function:backpack-brawl-solver/internal/model.CompareScores	gsv2-018	120.54	0.29	0.00240584038493446	0.64	0.00530944084951054
function:backpack-brawl-solver/internal/model.CompareScores	gsv2-021	11.78	0.01	0.000848896434634975	0.02	0.00169779286926995
function:backpack-brawl-solver/internal/model.CompareScores	gsv2-024	80.04	0.07	0.00087456271864068	0.29	0.0036231884057971
function:backpack-brawl-solver/internal/scoring.EvaluateCatalogStarCondition	gsv2-013	7.09	0.05	0.00705218617771509	0.85	0.119887165021157
function:backpack-brawl-solver/internal/scoring.EvaluateCatalogStarCondition	gsv2-015	7.13	0.01	0.00140252454417952	0.66	0.0925666199158485
function:backpack-brawl-solver/internal/scoring.EvaluateCatalogStarCondition	gsv2-016	8.27	0.03	0.00362756952841596	0.69	0.0834340991535671
function:backpack-brawl-solver/internal/scoring.EvaluateCatalogStarCondition	gsv2-018	120.54	0.03	0.000248880039820806	0.39	0.00323544051767048
function:backpack-brawl-solver/internal/scoring.EvaluateCatalogStarCondition	gsv2-021	11.78	0.09	0.00764006791171477	1.6	0.135823429541596
function:backpack-brawl-solver/internal/scoring.EvaluateCatalogStarCondition	gsv2-024	80.04	0.1	0.00124937531234383	1.42	0.0177411294352824
function:backpack-brawl-solver/internal/scoring.EvaluateLayoutWithCoverageGroupsAndSemantics	gsv2-013	7.09	0	0	0.01	0.00141043723554302
function:backpack-brawl-solver/internal/scoring.EvaluateLayoutWithCoverageGroupsAndSemantics	gsv2-015	7.13	0	0	0	0
function:backpack-brawl-solver/internal/scoring.EvaluateLayoutWithCoverageGroupsAndSemantics	gsv2-016	8.27	0	0	0	0
function:backpack-brawl-solver/internal/scoring.EvaluateLayoutWithCoverageGroupsAndSemantics	gsv2-018	120.54	0.04	0.000331840053094409	1.5	0.0124440019910403
function:backpack-brawl-solver/internal/scoring.EvaluateLayoutWithCoverageGroupsAndSemantics	gsv2-021	11.78	0	0	0.01	0.000848896434634975
function:backpack-brawl-solver/internal/scoring.EvaluateLayoutWithCoverageGroupsAndSemantics	gsv2-024	80.04	0.01	0.000124937531234383	1.84	0.0229885057471264
function:backpack-brawl-solver/internal/scoring.EvaluateScoreOnlyWithCoverageGroupsAndSemantics	gsv2-013	7.09	0	0	0.29	0.0409026798307475
function:backpack-brawl-solver/internal/scoring.EvaluateScoreOnlyWithCoverageGroupsAndSemantics	gsv2-015	7.13	0.01	0.00140252454417952	0.31	0.0434782608695652
function:backpack-brawl-solver/internal/scoring.EvaluateScoreOnlyWithCoverageGroupsAndSemantics	gsv2-016	8.27	0	0	0.74	0.0894800483675937
function:backpack-brawl-solver/internal/scoring.EvaluateScoreOnlyWithCoverageGroupsAndSemantics	gsv2-018	120.54	0.03	0.000248880039820806	1.38	0.0114484818317571
function:backpack-brawl-solver/internal/scoring.EvaluateScoreOnlyWithCoverageGroupsAndSemantics	gsv2-021	11.78	0.01	0.000848896434634975	1.07	0.0908319185059423
function:backpack-brawl-solver/internal/scoring.EvaluateScoreOnlyWithCoverageGroupsAndSemantics	gsv2-024	80.04	0.06	0.000749625187406297	1.68	0.0209895052473763
function:backpack-brawl-solver/internal/scoring.EvaluateStarCondition	gsv2-013	7.09	0.11	0.0155148095909732	0.38	0.0535966149506347
function:backpack-brawl-solver/internal/scoring.EvaluateStarCondition	gsv2-015	7.13	0.07	0.00981767180925666	0.27	0.0378681626928471
function:backpack-brawl-solver/internal/scoring.EvaluateStarCondition	gsv2-016	8.27	0.06	0.00725513905683192	0.25	0.030229746070133
function:backpack-brawl-solver/internal/scoring.EvaluateStarCondition	gsv2-018	120.54	0.08	0.000663680106188817	0.2	0.00165920026547204
function:backpack-brawl-solver/internal/scoring.EvaluateStarCondition	gsv2-021	11.78	0.15	0.0127334465195246	0.65	0.0551782682512734
function:backpack-brawl-solver/internal/scoring.EvaluateStarCondition	gsv2-024	80.04	0.16	0.00199900049975012	0.53	0.00662168915542229
function:backpack-brawl-solver/internal/scoring.evaluateStarScoreOnly	gsv2-013	7.09	0.14	0.0197461212976023	0.28	0.0394922425952045
function:backpack-brawl-solver/internal/scoring.evaluateStarScoreOnly	gsv2-015	7.13	0.2	0.0280504908835905	0.28	0.0392706872370267
function:backpack-brawl-solver/internal/scoring.evaluateStarScoreOnly	gsv2-016	8.27	0.43	0.0519951632406288	0.66	0.0798065296251512
function:backpack-brawl-solver/internal/scoring.evaluateStarScoreOnly	gsv2-018	120.54	0.56	0.00464576074332172	1.05	0.00871080139372822
function:backpack-brawl-solver/internal/scoring.evaluateStarScoreOnly	gsv2-021	11.78	0.52	0.0441426146010187	0.99	0.0840407470288625
function:backpack-brawl-solver/internal/scoring.evaluateStarScoreOnly	gsv2-024	80.04	0.65	0.00812093953023488	1.35	0.0168665667166417
function:backpack-brawl-solver/internal/scoring.StarMatchesCatalogItems	gsv2-013	7.09	0.01	0.00141043723554302	0.78	0.110014104372355
function:backpack-brawl-solver/internal/scoring.StarMatchesCatalogItems	gsv2-015	7.13	0	0	0.63	0.08835904628331
function:backpack-brawl-solver/internal/scoring.StarMatchesCatalogItems	gsv2-016	8.27	0	0	0.54	0.0652962515114873
function:backpack-brawl-solver/internal/scoring.StarMatchesCatalogItems	gsv2-018	120.54	0	0	0.23	0.00190808030529285
function:backpack-brawl-solver/internal/scoring.StarMatchesCatalogItems	gsv2-021	11.78	0	0	1.29	0.109507640067912
function:backpack-brawl-solver/internal/scoring.StarMatchesCatalogItems	gsv2-024	80.04	0.02	0.000249875062468766	0.97	0.0121189405297351
function:backpack-brawl-solver/internal/scoring.starStructureMetrics	gsv2-013	7.09	0	0	0	0
function:backpack-brawl-solver/internal/scoring.starStructureMetrics	gsv2-015	7.13	0	0	0	0
function:backpack-brawl-solver/internal/scoring.starStructureMetrics	gsv2-016	8.27	0	0	0	0
function:backpack-brawl-solver/internal/scoring.starStructureMetrics	gsv2-018	120.54	0.26	0.00215696034511365	0.34	0.00282064045130247
function:backpack-brawl-solver/internal/scoring.starStructureMetrics	gsv2-021	11.78	0	0	0	0
function:backpack-brawl-solver/internal/scoring.starStructureMetrics	gsv2-024	80.04	0.21	0.00262368815592204	0.44	0.00549725137431284
function:backpack-brawl-solver/internal/solver.(*outgoingBoundContext).shouldPrune	gsv2-013	7.09	0	0	2.14	0.301833568406206
function:backpack-brawl-solver/internal/solver.(*outgoingBoundContext).shouldPrune	gsv2-015	7.13	0	0	1.69	0.237026647966339
function:backpack-brawl-solver/internal/solver.(*outgoingBoundContext).shouldPrune	gsv2-016	8.27	0	0	1.58	0.191051995163241
function:backpack-brawl-solver/internal/solver.(*outgoingBoundContext).shouldPrune	gsv2-018	120.54	0	0	1.17	0.00970632155301145
function:backpack-brawl-solver/internal/solver.(*outgoingBoundContext).shouldPrune	gsv2-021	11.78	0	0	2.41	0.204584040747029
function:backpack-brawl-solver/internal/solver.(*outgoingBoundContext).shouldPrune	gsv2-024	80.04	0	0	2.11	0.0263618190904548
function:backpack-brawl-solver/internal/solver.(*outgoingBoundContext).upperPriorityCounts	gsv2-013	7.09	0.01	0.00141043723554302	2.13	0.300423131170663
function:backpack-brawl-solver/internal/solver.(*outgoingBoundContext).upperPriorityCounts	gsv2-015	7.13	0.01	0.00140252454417952	1.69	0.237026647966339
function:backpack-brawl-solver/internal/solver.(*outgoingBoundContext).upperPriorityCounts	gsv2-016	8.27	0	0	1.57	0.189842805320435
function:backpack-brawl-solver/internal/solver.(*outgoingBoundContext).upperPriorityCounts	gsv2-018	120.54	0.02	0.000165920026547204	1.17	0.00970632155301145
function:backpack-brawl-solver/internal/solver.(*outgoingBoundContext).upperPriorityCounts	gsv2-021	11.78	0	0	2.41	0.204584040747029
function:backpack-brawl-solver/internal/solver.(*outgoingBoundContext).upperPriorityCounts	gsv2-024	80.04	0	0	2.11	0.0263618190904548
function:backpack-brawl-solver/internal/solver.(*outgoingBoundContext).upperPriorityCountsIndexed	gsv2-013	7.09	0.16	0.0225669957686883	2.08	0.293370944992948
function:backpack-brawl-solver/internal/solver.(*outgoingBoundContext).upperPriorityCountsIndexed	gsv2-015	7.13	0.15	0.0210378681626928	1.66	0.232819074333801
function:backpack-brawl-solver/internal/solver.(*outgoingBoundContext).upperPriorityCountsIndexed	gsv2-016	8.27	0.08	0.00967351874244256	1.53	0.185006045949214
function:backpack-brawl-solver/internal/solver.(*outgoingBoundContext).upperPriorityCountsIndexed	gsv2-018	120.54	0.13	0.00107848017255683	1.11	0.00920856147336984
function:backpack-brawl-solver/internal/solver.(*outgoingBoundContext).upperPriorityCountsIndexed	gsv2-021	11.78	0.24	0.0203735144312394	2.31	0.196095076400679
function:backpack-brawl-solver/internal/solver.(*outgoingBoundContext).upperPriorityCountsIndexed	gsv2-024	80.04	0.22	0.00274862568715642	1.98	0.0247376311844078
function:backpack-brawl-solver/internal/solver.(*plateauArchive).observe	gsv2-013	7.09	0	0	0	0
function:backpack-brawl-solver/internal/solver.(*plateauArchive).observe	gsv2-015	7.13	0	0	0	0
function:backpack-brawl-solver/internal/solver.(*plateauArchive).observe	gsv2-016	8.27	0	0	0	0
function:backpack-brawl-solver/internal/solver.(*plateauArchive).observe	gsv2-018	120.54	0.6	0.00497760079641613	31.71	0.263066202090592
function:backpack-brawl-solver/internal/solver.(*plateauArchive).observe	gsv2-021	11.78	0	0	0	0
function:backpack-brawl-solver/internal/solver.(*plateauArchive).observe	gsv2-024	80.04	0.37	0.00462268865567216	20.05	0.250499750124938
function:backpack-brawl-solver/internal/solver.canonicalLayoutDigest	gsv2-013	7.09	0	0	0	0
function:backpack-brawl-solver/internal/solver.canonicalLayoutDigest	gsv2-015	7.13	0	0	0	0
function:backpack-brawl-solver/internal/solver.canonicalLayoutDigest	gsv2-016	8.27	0	0	0	0
function:backpack-brawl-solver/internal/solver.canonicalLayoutDigest	gsv2-018	120.54	0.03	0.000248880039820806	1.57	0.0130247220839555
function:backpack-brawl-solver/internal/solver.canonicalLayoutDigest	gsv2-021	11.78	0	0	0	0
function:backpack-brawl-solver/internal/solver.canonicalLayoutDigest	gsv2-024	80.04	0.03	0.000374812593703148	1.91	0.0238630684657671
function:backpack-brawl-solver/internal/solver.canonicalLayoutHash	gsv2-013	7.09	0	0	0	0
function:backpack-brawl-solver/internal/solver.canonicalLayoutHash	gsv2-015	7.13	0	0	0	0
function:backpack-brawl-solver/internal/solver.canonicalLayoutHash	gsv2-016	8.27	0	0	0	0
function:backpack-brawl-solver/internal/solver.canonicalLayoutHash	gsv2-018	120.54	0	0	1.62	0.0134395221503235
function:backpack-brawl-solver/internal/solver.canonicalLayoutHash	gsv2-021	11.78	0	0	0	0
function:backpack-brawl-solver/internal/solver.canonicalLayoutHash	gsv2-024	80.04	0.01	0.000124937531234383	1.93	0.0241129435282359
function:backpack-brawl-solver/internal/solver.compareScores (partial-inline)	gsv2-013	7.09	0	0	0	0
function:backpack-brawl-solver/internal/solver.compareScores (partial-inline)	gsv2-015	7.13	0	0	0	0
function:backpack-brawl-solver/internal/solver.compareScores (partial-inline)	gsv2-016	8.27	0	0	0	0
function:backpack-brawl-solver/internal/solver.compareScores (partial-inline)	gsv2-018	120.54	0.16	0.00132736021237763	0.8	0.00663680106188817
function:backpack-brawl-solver/internal/solver.compareScores (partial-inline)	gsv2-021	11.78	0	0	0	0
function:backpack-brawl-solver/internal/solver.compareScores (partial-inline)	gsv2-024	80.04	0	0	0	0
function:backpack-brawl-solver/internal/solver.constellationSeedSearch	gsv2-013	7.09	0	0	0.39	0.0550070521861777
function:backpack-brawl-solver/internal/solver.constellationSeedSearch	gsv2-015	7.13	0	0	0.46	0.0645161290322581
function:backpack-brawl-solver/internal/solver.constellationSeedSearch	gsv2-016	8.27	0	0	0.46	0.0556227327690447
function:backpack-brawl-solver/internal/solver.constellationSeedSearch	gsv2-018	120.54	0	0	1.15	0.00954040152646424
function:backpack-brawl-solver/internal/solver.constellationSeedSearch	gsv2-021	11.78	0	0	1.41	0.119694397283531
function:backpack-brawl-solver/internal/solver.constellationSeedSearch	gsv2-024	80.04	0	0	3.87	0.0483508245877061
function:backpack-brawl-solver/internal/solver.constellationSeedSearch.func5	gsv2-013	7.09	0	0	0.39	0.0550070521861777
function:backpack-brawl-solver/internal/solver.constellationSeedSearch.func5	gsv2-015	7.13	0	0	0.27	0.0378681626928471
function:backpack-brawl-solver/internal/solver.constellationSeedSearch.func5	gsv2-016	8.27	0	0	0.46	0.0556227327690447
function:backpack-brawl-solver/internal/solver.constellationSeedSearch.func5	gsv2-018	120.54	0	0	0.36	0.00298656047784968
function:backpack-brawl-solver/internal/solver.constellationSeedSearch.func5	gsv2-021	11.78	0	0	1	0.0848896434634975
function:backpack-brawl-solver/internal/solver.constellationSeedSearch.func5	gsv2-024	80.04	0	0	1.93	0.0241129435282359
function:backpack-brawl-solver/internal/solver.evaluateLayoutForConfig	gsv2-013	7.09	0	0	0.01	0.00141043723554302
function:backpack-brawl-solver/internal/solver.evaluateLayoutForConfig	gsv2-015	7.13	0	0	0	0
function:backpack-brawl-solver/internal/solver.evaluateLayoutForConfig	gsv2-016	8.27	0	0	0	0
function:backpack-brawl-solver/internal/solver.evaluateLayoutForConfig	gsv2-018	120.54	0	0	1.5	0.0124440019910403
function:backpack-brawl-solver/internal/solver.evaluateLayoutForConfig	gsv2-021	11.78	0	0	0.01	0.000848896434634975
function:backpack-brawl-solver/internal/solver.evaluateLayoutForConfig	gsv2-024	80.04	0.01	0.000124937531234383	1.85	0.0231134432783608
function:backpack-brawl-solver/internal/solver.evaluateScoreForConfig	gsv2-013	7.09	0	0	0.29	0.0409026798307475
function:backpack-brawl-solver/internal/solver.evaluateScoreForConfig	gsv2-015	7.13	0	0	0.31	0.0434782608695652
function:backpack-brawl-solver/internal/solver.evaluateScoreForConfig	gsv2-016	8.27	0	0	0.74	0.0894800483675937
function:backpack-brawl-solver/internal/solver.evaluateScoreForConfig	gsv2-018	120.54	0.01	8.29600132736021E-05	1.39	0.0115314418450307
function:backpack-brawl-solver/internal/solver.evaluateScoreForConfig	gsv2-021	11.78	0	0	1.07	0.0908319185059423
function:backpack-brawl-solver/internal/solver.evaluateScoreForConfig	gsv2-024	80.04	0	0	1.68	0.0209895052473763
function:backpack-brawl-solver/internal/solver.filterConstellationPriorityFeasibleStates	gsv2-013	7.09	0	0	0.35	0.0493653032440056
function:backpack-brawl-solver/internal/solver.filterConstellationPriorityFeasibleStates	gsv2-015	7.13	0.01	0.00140252454417952	0.41	0.0575035063113604
function:backpack-brawl-solver/internal/solver.filterConstellationPriorityFeasibleStates	gsv2-016	8.27	0	0	0.41	0.0495767835550181
function:backpack-brawl-solver/internal/solver.filterConstellationPriorityFeasibleStates	gsv2-018	120.54	0	0	0.44	0.00365024058403849
function:backpack-brawl-solver/internal/solver.filterConstellationPriorityFeasibleStates	gsv2-021	11.78	0.01	0.000848896434634975	1.35	0.114601018675722
function:backpack-brawl-solver/internal/solver.filterConstellationPriorityFeasibleStates	gsv2-024	80.04	0	0	2.51	0.0313593203398301
function:backpack-brawl-solver/internal/solver.insertCandidateWithScoreOnlyFilter	gsv2-013	7.09	0	0	0.01	0.00141043723554302
function:backpack-brawl-solver/internal/solver.insertCandidateWithScoreOnlyFilter	gsv2-015	7.13	0	0	0	0
function:backpack-brawl-solver/internal/solver.insertCandidateWithScoreOnlyFilter	gsv2-016	8.27	0	0	0.13	0.0157194679564692
function:backpack-brawl-solver/internal/solver.insertCandidateWithScoreOnlyFilter	gsv2-018	120.54	0.01	8.29600132736021E-05	36.33	0.301393728222996
function:backpack-brawl-solver/internal/solver.insertCandidateWithScoreOnlyFilter	gsv2-021	11.78	0.01	0.000848896434634975	0.89	0.0755517826825127
function:backpack-brawl-solver/internal/solver.insertCandidateWithScoreOnlyFilter	gsv2-024	80.04	0.03	0.000374812593703148	25.82	0.322588705647176
function:backpack-brawl-solver/internal/solver.observeSearchCandidate	gsv2-013	7.09	0	0	0	0
function:backpack-brawl-solver/internal/solver.observeSearchCandidate	gsv2-015	7.13	0	0	0	0
function:backpack-brawl-solver/internal/solver.observeSearchCandidate	gsv2-016	8.27	0	0	0	0
function:backpack-brawl-solver/internal/solver.observeSearchCandidate	gsv2-018	120.54	0.04	0.000331840053094409	35.42	0.293844367015099
function:backpack-brawl-solver/internal/solver.observeSearchCandidate	gsv2-021	11.78	0	0	0.01	0.000848896434634975
function:backpack-brawl-solver/internal/solver.observeSearchCandidate	gsv2-024	80.04	0.02	0.000249875062468766	24.26	0.303098450774613
function:backpack-brawl-solver/internal/solver.packingFeasibility	gsv2-013	7.09	0.07	0.00987306064880113	0.45	0.0634696755994358
function:backpack-brawl-solver/internal/solver.packingFeasibility	gsv2-015	7.13	0.03	0.00420757363253857	0.28	0.0392706872370267
function:backpack-brawl-solver/internal/solver.packingFeasibility	gsv2-016	8.27	0.12	0.0145102781136638	0.95	0.114873035066505
function:backpack-brawl-solver/internal/solver.packingFeasibility	gsv2-018	120.54	0.06	0.000497760079641613	0.58	0.00481168076986892
function:backpack-brawl-solver/internal/solver.packingFeasibility	gsv2-021	11.78	0.08	0.0067911714770798	0.63	0.0534804753820034
function:backpack-brawl-solver/internal/solver.packingFeasibility	gsv2-024	80.04	0.19	0.00237381309345327	1.21	0.0151174412793603
function:backpack-brawl-solver/internal/solver.packingSeedSearch	gsv2-013	7.09	0	0	0.69	0.0973201692524683
function:backpack-brawl-solver/internal/solver.packingSeedSearch	gsv2-015	7.13	0.01	0.00140252454417952	0.68	0.0953716690042076
function:backpack-brawl-solver/internal/solver.packingSeedSearch	gsv2-016	8.27	0.01	0.00120918984280532	1.56	0.18863361547763
function:backpack-brawl-solver/internal/solver.packingSeedSearch	gsv2-018	120.54	0	0	0.94	0.0077982412477186
function:backpack-brawl-solver/internal/solver.packingSeedSearch	gsv2-021	11.78	0	0	0.92	0.0780984719864177
function:backpack-brawl-solver/internal/solver.packingSeedSearch	gsv2-024	80.04	0	0	1.79	0.0223638180909545
function:backpack-brawl-solver/internal/solver.partialRepairV3PriorityUpperBound	gsv2-013	7.09	0	0	0.35	0.0493653032440056
function:backpack-brawl-solver/internal/solver.partialRepairV3PriorityUpperBound	gsv2-015	7.13	0	0	0.4	0.0561009817671809
function:backpack-brawl-solver/internal/solver.partialRepairV3PriorityUpperBound	gsv2-016	8.27	0	0	0.41	0.0495767835550181
function:backpack-brawl-solver/internal/solver.partialRepairV3PriorityUpperBound	gsv2-018	120.54	0	0	0.44	0.00365024058403849
function:backpack-brawl-solver/internal/solver.partialRepairV3PriorityUpperBound	gsv2-021	11.78	0	0	1.34	0.113752122241087
function:backpack-brawl-solver/internal/solver.partialRepairV3PriorityUpperBound	gsv2-024	80.04	0	0	2.5	0.0312343828085957
function:backpack-brawl-solver/internal/solver.placementKey	gsv2-013	7.09	0.06	0.00846262341325811	0.61	0.0860366713681241
function:backpack-brawl-solver/internal/solver.placementKey	gsv2-015	7.13	0.11	0.0154277699859748	0.64	0.0897615708274895
function:backpack-brawl-solver/internal/solver.placementKey	gsv2-016	8.27	0.07	0.00846432889963725	0.42	0.0507859733978235
function:backpack-brawl-solver/internal/solver.placementKey	gsv2-018	120.54	0.07	0.000580720092915215	0.39	0.00323544051767048
function:backpack-brawl-solver/internal/solver.placementKey	gsv2-021	11.78	0.16	0.0135823429541596	0.75	0.0636672325976231
function:backpack-brawl-solver/internal/solver.placementKey	gsv2-024	80.04	0.07	0.00087456271864068	0.42	0.00524737631184408
function:backpack-brawl-solver/internal/solver.placementRespectsCanonicalCopyOrder	gsv2-013	7.09	0.07	0.00987306064880113	0.48	0.0677009873060649
function:backpack-brawl-solver/internal/solver.placementRespectsCanonicalCopyOrder	gsv2-015	7.13	0.03	0.00420757363253857	0.4	0.0561009817671809
function:backpack-brawl-solver/internal/solver.placementRespectsCanonicalCopyOrder	gsv2-016	8.27	0.14	0.0169286577992745	0.66	0.0798065296251512
function:backpack-brawl-solver/internal/solver.placementRespectsCanonicalCopyOrder	gsv2-018	120.54	0.16	0.00132736021237763	0.39	0.00323544051767048
function:backpack-brawl-solver/internal/solver.placementRespectsCanonicalCopyOrder	gsv2-021	11.78	0.09	0.00764006791171477	0.67	0.0568760611205433
function:backpack-brawl-solver/internal/solver.placementRespectsCanonicalCopyOrder	gsv2-024	80.04	0.44	0.00549725137431284	1.19	0.0148675662168916
function:backpack-brawl-solver/internal/solver.priorityGeometryCandidateHits	gsv2-013	7.09	0.03	0.00423131170662905	0.07	0.00987306064880113
function:backpack-brawl-solver/internal/solver.priorityGeometryCandidateHits	gsv2-015	7.13	0.04	0.00561009817671809	0.07	0.00981767180925666
function:backpack-brawl-solver/internal/solver.priorityGeometryCandidateHits	gsv2-016	8.27	0.02	0.00241837968561064	0.03	0.00362756952841596
function:backpack-brawl-solver/internal/solver.priorityGeometryCandidateHits	gsv2-018	120.54	0.03	0.000248880039820806	0.04	0.000331840053094409
function:backpack-brawl-solver/internal/solver.priorityGeometryCandidateHits	gsv2-021	11.78	0.06	0.00509337860780985	0.09	0.00764006791171477
function:backpack-brawl-solver/internal/solver.priorityGeometryCandidateHits	gsv2-024	80.04	0.2	0.00249875062468766	0.25	0.00312343828085957
function:backpack-brawl-solver/internal/solver.repairSearch	gsv2-013	7.09	0	0	0.81	0.114245416078985
function:backpack-brawl-solver/internal/solver.repairSearch	gsv2-015	7.13	0	0	1.12	0.157082748948107
function:backpack-brawl-solver/internal/solver.repairSearch	gsv2-016	8.27	0	0	1.2	0.145102781136638
function:backpack-brawl-solver/internal/solver.repairSearch	gsv2-018	120.54	0	0	0	0
function:backpack-brawl-solver/internal/solver.repairSearch	gsv2-021	11.78	0	0	1.37	0.116298811544992
function:backpack-brawl-solver/internal/solver.repairSearch	gsv2-024	80.04	0	0	2.78	0.0347326336831584
function:backpack-brawl-solver/internal/solver.runRepairNeighborhood	gsv2-013	7.09	0	0	0.78	0.110014104372355
function:backpack-brawl-solver/internal/solver.runRepairNeighborhood	gsv2-015	7.13	0	0	1.04	0.14586255259467
function:backpack-brawl-solver/internal/solver.runRepairNeighborhood	gsv2-016	8.27	0	0	1.16	0.140266021765417
function:backpack-brawl-solver/internal/solver.runRepairNeighborhood	gsv2-018	120.54	0	0	0	0
function:backpack-brawl-solver/internal/solver.runRepairNeighborhood	gsv2-021	11.78	0	0	1.06	0.0899830220713073
function:backpack-brawl-solver/internal/solver.runRepairNeighborhood	gsv2-024	80.04	0	0	2.64	0.0329835082458771
function:backpack-brawl-solver/internal/solver.runRepairTask	gsv2-013	7.09	0	0	0.78	0.110014104372355
function:backpack-brawl-solver/internal/solver.runRepairTask	gsv2-015	7.13	0	0	1.04	0.14586255259467
function:backpack-brawl-solver/internal/solver.runRepairTask	gsv2-016	8.27	0	0	1.16	0.140266021765417
function:backpack-brawl-solver/internal/solver.runRepairTask	gsv2-018	120.54	0	0	0	0
function:backpack-brawl-solver/internal/solver.runRepairTask	gsv2-021	11.78	0	0	1.06	0.0899830220713073
function:backpack-brawl-solver/internal/solver.runRepairTask	gsv2-024	80.04	0	0	2.63	0.0328585707146427
function:backpack-brawl-solver/internal/solver.runRepairTask.func1	gsv2-013	7.09	0.07	0.00987306064880113	0.78	0.110014104372355
function:backpack-brawl-solver/internal/solver.runRepairTask.func1	gsv2-015	7.13	0.1	0.0140252454417952	1.03	0.144460028050491
function:backpack-brawl-solver/internal/solver.runRepairTask.func1	gsv2-016	8.27	0.09	0.0108827085852479	1.16	0.140266021765417
function:backpack-brawl-solver/internal/solver.runRepairTask.func1	gsv2-018	120.54	0	0	0	0
function:backpack-brawl-solver/internal/solver.runRepairTask.func1	gsv2-021	11.78	0.1	0.00848896434634975	1.06	0.0899830220713073
function:backpack-brawl-solver/internal/solver.runRepairTask.func1	gsv2-024	80.04	0.07	0.00087456271864068	2.63	0.0328585707146427
function:backpack-brawl-solver/internal/solver.runRepairTasks	gsv2-013	7.09	0	0	0.78	0.110014104372355
function:backpack-brawl-solver/internal/solver.runRepairTasks	gsv2-015	7.13	0	0	1.04	0.14586255259467
function:backpack-brawl-solver/internal/solver.runRepairTasks	gsv2-016	8.27	0	0	1.16	0.140266021765417
function:backpack-brawl-solver/internal/solver.runRepairTasks	gsv2-018	120.54	0	0	0	0
function:backpack-brawl-solver/internal/solver.runRepairTasks	gsv2-021	11.78	0	0	1.06	0.0899830220713073
function:backpack-brawl-solver/internal/solver.runRepairTasks	gsv2-024	80.04	0	0	2.63	0.0328585707146427
function:backpack-brawl-solver/internal/solver.runTask	gsv2-013	7.09	0	0	2.04	0.287729196050776
function:backpack-brawl-solver/internal/solver.runTask	gsv2-015	7.13	0	0	1.42	0.199158485273492
function:backpack-brawl-solver/internal/solver.runTask	gsv2-016	8.27	0	0	1.1	0.133010882708585
function:backpack-brawl-solver/internal/solver.runTask	gsv2-018	120.54	0	0	38.19	0.316824290691887
function:backpack-brawl-solver/internal/solver.runTask	gsv2-021	11.78	0	0	3.27	0.277589134125637
function:backpack-brawl-solver/internal/solver.runTask	gsv2-024	80.04	0	0	26.42	0.330084957521239
function:backpack-brawl-solver/internal/solver.runTask.func3	gsv2-013	7.09	0.15	0.0211565585331453	2.04	0.287729196050776
function:backpack-brawl-solver/internal/solver.runTask.func3	gsv2-015	7.13	0.1	0.0140252454417952	1.42	0.199158485273492
function:backpack-brawl-solver/internal/solver.runTask.func3	gsv2-016	8.27	0.11	0.0133010882708585	1.1	0.133010882708585
function:backpack-brawl-solver/internal/solver.runTask.func3	gsv2-018	120.54	0.43	0.00356728057076489	38.19	0.316824290691887
function:backpack-brawl-solver/internal/solver.runTask.func3	gsv2-021	11.78	0.22	0.0186757215619694	3.27	0.277589134125637
function:backpack-brawl-solver/internal/solver.runTask.func3	gsv2-024	80.04	0.36	0.00449775112443778	26.42	0.330084957521239
function:backpack-brawl-solver/internal/solver.runTasks	gsv2-013	7.09	0	0	2.04	0.287729196050776
function:backpack-brawl-solver/internal/solver.runTasks	gsv2-015	7.13	0	0	1.42	0.199158485273492
function:backpack-brawl-solver/internal/solver.runTasks	gsv2-016	8.27	0	0	1.1	0.133010882708585
function:backpack-brawl-solver/internal/solver.runTasks	gsv2-018	120.54	0	0	38.19	0.316824290691887
function:backpack-brawl-solver/internal/solver.runTasks	gsv2-021	11.78	0	0	3.28	0.278438030560272
function:backpack-brawl-solver/internal/solver.runTasks	gsv2-024	80.04	0	0	26.42	0.330084957521239
function:backpack-brawl-solver/internal/solver.selectPlateauEntries	gsv2-013	7.09	0	0	0	0
function:backpack-brawl-solver/internal/solver.selectPlateauEntries	gsv2-015	7.13	0	0	0	0
function:backpack-brawl-solver/internal/solver.selectPlateauEntries	gsv2-016	8.27	0	0	0	0
function:backpack-brawl-solver/internal/solver.selectPlateauEntries	gsv2-018	120.54	1.49	0.0123610419777667	25.4	0.210718433714949
function:backpack-brawl-solver/internal/solver.selectPlateauEntries	gsv2-021	11.78	0	0	0	0
function:backpack-brawl-solver/internal/solver.selectPlateauEntries	gsv2-024	80.04	1.92	0.0239880059970015	15.33	0.191529235382309
function:backpack-brawl-solver/internal/solver.selectPlateauEntries.sortPlateauEntries.func3	gsv2-013	7.09	0	0	0	0
function:backpack-brawl-solver/internal/solver.selectPlateauEntries.sortPlateauEntries.func3	gsv2-015	7.13	0	0	0	0
function:backpack-brawl-solver/internal/solver.selectPlateauEntries.sortPlateauEntries.func3	gsv2-016	8.27	0	0	0	0
function:backpack-brawl-solver/internal/solver.selectPlateauEntries.sortPlateauEntries.func3	gsv2-018	120.54	0.2	0.00165920026547204	0.49	0.0040650406504065
function:backpack-brawl-solver/internal/solver.selectPlateauEntries.sortPlateauEntries.func3	gsv2-021	11.78	0	0	0	0
function:backpack-brawl-solver/internal/solver.selectPlateauEntries.sortPlateauEntries.func3	gsv2-024	80.04	0.26	0.00324837581209395	0.64	0.0079960019990005
function:backpack-brawl-solver/internal/solver.selectPlateauEntries.sortPlateauEntries.func4	gsv2-013	7.09	0	0	0	0
function:backpack-brawl-solver/internal/solver.selectPlateauEntries.sortPlateauEntries.func4	gsv2-015	7.13	0	0	0	0
function:backpack-brawl-solver/internal/solver.selectPlateauEntries.sortPlateauEntries.func4	gsv2-016	8.27	0	0	0	0
function:backpack-brawl-solver/internal/solver.selectPlateauEntries.sortPlateauEntries.func4	gsv2-018	120.54	0.29	0.00240584038493446	0.78	0.00647088103534097
function:backpack-brawl-solver/internal/solver.selectPlateauEntries.sortPlateauEntries.func4	gsv2-021	11.78	0	0	0	0
function:backpack-brawl-solver/internal/solver.selectPlateauEntries.sortPlateauEntries.func4	gsv2-024	80.04	0.26	0.00324837581209395	0.63	0.00787106446776612
function:backpack-brawl-solver/internal/solver.selectPlateauEntries.sortPlateauEntries.func5	gsv2-013	7.09	0	0	0	0
function:backpack-brawl-solver/internal/solver.selectPlateauEntries.sortPlateauEntries.func5	gsv2-015	7.13	0	0	0	0
function:backpack-brawl-solver/internal/solver.selectPlateauEntries.sortPlateauEntries.func5	gsv2-016	8.27	0	0	0	0
function:backpack-brawl-solver/internal/solver.selectPlateauEntries.sortPlateauEntries.func5	gsv2-018	120.54	0.28	0.00232288037166086	0.83	0.00688568110170898
function:backpack-brawl-solver/internal/solver.selectPlateauEntries.sortPlateauEntries.func5	gsv2-021	11.78	0	0	0	0
function:backpack-brawl-solver/internal/solver.selectPlateauEntries.sortPlateauEntries.func5	gsv2-024	80.04	0.07	0.00087456271864068	0.22	0.00274862568715642
function:backpack-brawl-solver/internal/solver.SolveLayout	gsv2-013	7.09	0	0	4.43	0.624823695345557
function:backpack-brawl-solver/internal/solver.SolveLayout	gsv2-015	7.13	0	0	4.15	0.582047685834502
function:backpack-brawl-solver/internal/solver.SolveLayout	gsv2-016	8.27	0	0	5.21	0.629987908101572
function:backpack-brawl-solver/internal/solver.SolveLayout	gsv2-018	120.54	0	0	41.04	0.340467894474863
function:backpack-brawl-solver/internal/solver.SolveLayout	gsv2-021	11.78	0	0	7.72	0.6553480475382
function:backpack-brawl-solver/internal/solver.SolveLayout	gsv2-024	80.04	0	0	36.12	0.451274362818591
function:backpack-brawl-solver/internal/solver.solveLayoutStage	gsv2-013	7.09	0	0	4.43	0.624823695345557
function:backpack-brawl-solver/internal/solver.solveLayoutStage	gsv2-015	7.13	0	0	4.15	0.582047685834502
function:backpack-brawl-solver/internal/solver.solveLayoutStage	gsv2-016	8.27	0	0	5.21	0.629987908101572
function:backpack-brawl-solver/internal/solver.solveLayoutStage	gsv2-018	120.54	0	0	41.04	0.340467894474863
function:backpack-brawl-solver/internal/solver.solveLayoutStage	gsv2-021	11.78	0	0	7.72	0.6553480475382
function:backpack-brawl-solver/internal/solver.solveLayoutStage	gsv2-024	80.04	0	0	36.12	0.451274362818591
function:backpack-brawl-solver/internal/solver.sortPlateauEntries	gsv2-013	7.09	0	0	0	0
function:backpack-brawl-solver/internal/solver.sortPlateauEntries	gsv2-015	7.13	0	0	0	0
function:backpack-brawl-solver/internal/solver.sortPlateauEntries	gsv2-016	8.27	0	0	0	0
function:backpack-brawl-solver/internal/solver.sortPlateauEntries	gsv2-018	120.54	0.01	8.29600132736021E-05	11.55	0.0958188153310105
function:backpack-brawl-solver/internal/solver.sortPlateauEntries	gsv2-021	11.78	0	0	0	0
function:backpack-brawl-solver/internal/solver.sortPlateauEntries	gsv2-024	80.04	0.02	0.000249875062468766	5.7	0.0712143928035982
function:backpack-brawl-solver/internal/solver.sourceHitsTargetWithCatalog	gsv2-013	7.09	0.11	0.0155148095909732	0.92	0.129760225669958
function:backpack-brawl-solver/internal/solver.sourceHitsTargetWithCatalog	gsv2-015	7.13	0.15	0.0210378681626928	0.79	0.110799438990182
function:backpack-brawl-solver/internal/solver.sourceHitsTargetWithCatalog	gsv2-016	8.27	0.19	0.0229746070133011	0.72	0.0870616686819831
function:backpack-brawl-solver/internal/solver.sourceHitsTargetWithCatalog	gsv2-018	120.54	0.08	0.000663680106188817	0.31	0.00257176041148167
function:backpack-brawl-solver/internal/solver.sourceHitsTargetWithCatalog	gsv2-021	11.78	0.22	0.0186757215619694	1.55	0.131578947368421
function:backpack-brawl-solver/internal/solver.sourceHitsTargetWithCatalog	gsv2-024	80.04	0.25	0.00312343828085957	1.27	0.0158670664667666
function:backpack-brawl-solver/internal/solver.writePlacementKeyInt	gsv2-013	7.09	0.14	0.0197461212976023	0.23	0.0324400564174894
function:backpack-brawl-solver/internal/solver.writePlacementKeyInt	gsv2-015	7.13	0.15	0.0210378681626928	0.22	0.0308555399719495
function:backpack-brawl-solver/internal/solver.writePlacementKeyInt	gsv2-016	8.27	0.02	0.00241837968561064	0.08	0.00967351874244256
function:backpack-brawl-solver/internal/solver.writePlacementKeyInt	gsv2-018	120.54	0.07	0.000580720092915215	0.12	0.000995520159283225
function:backpack-brawl-solver/internal/solver.writePlacementKeyInt	gsv2-021	11.78	0.06	0.00509337860780985	0.21	0.0178268251273345
function:backpack-brawl-solver/internal/solver.writePlacementKeyInt	gsv2-024	80.04	0.03	0.000374812593703148	0.06	0.000749625187406297
source:backpack-brawl-solver/internal/solver.(*outgoingBoundContext).shouldPrune:outgoing_bound.go:114	gsv2-013	7.09	0	0	2.13	0.300423131170663
source:backpack-brawl-solver/internal/solver.(*outgoingBoundContext).shouldPrune:outgoing_bound.go:114	gsv2-015	7.13	0	0	1.69	0.237026647966339
source:backpack-brawl-solver/internal/solver.(*outgoingBoundContext).shouldPrune:outgoing_bound.go:114	gsv2-016	8.27	0	0	1.57	0.189842805320435
source:backpack-brawl-solver/internal/solver.(*outgoingBoundContext).shouldPrune:outgoing_bound.go:114	gsv2-018	120.54	0	0	1.17	0.00970632155301145
source:backpack-brawl-solver/internal/solver.(*outgoingBoundContext).shouldPrune:outgoing_bound.go:114	gsv2-021	11.78	0	0	2.41	0.204584040747029
source:backpack-brawl-solver/internal/solver.(*outgoingBoundContext).shouldPrune:outgoing_bound.go:114	gsv2-024	80.04	0	0	2.11	0.0263618190904548
source:backpack-brawl-solver/internal/solver.repairSearch:repair.go:178	gsv2-013	7.09	0	0	0.78	0.110014104372355
source:backpack-brawl-solver/internal/solver.repairSearch:repair.go:178	gsv2-015	7.13	0	0	1.04	0.14586255259467
source:backpack-brawl-solver/internal/solver.repairSearch:repair.go:178	gsv2-016	8.27	0	0	1.16	0.140266021765417
source:backpack-brawl-solver/internal/solver.repairSearch:repair.go:178	gsv2-018	120.54	0	0	0	0
source:backpack-brawl-solver/internal/solver.repairSearch:repair.go:178	gsv2-021	11.78	0	0	1.06	0.0899830220713073
source:backpack-brawl-solver/internal/solver.repairSearch:repair.go:178	gsv2-024	80.04	0	0	2.64	0.0329835082458771
source:backpack-brawl-solver/internal/solver.runRepairNeighborhood:repair.go:834	gsv2-013	7.09	0	0	0.78	0.110014104372355
source:backpack-brawl-solver/internal/solver.runRepairNeighborhood:repair.go:834	gsv2-015	7.13	0	0	1.04	0.14586255259467
source:backpack-brawl-solver/internal/solver.runRepairNeighborhood:repair.go:834	gsv2-016	8.27	0	0	1.16	0.140266021765417
source:backpack-brawl-solver/internal/solver.runRepairNeighborhood:repair.go:834	gsv2-018	120.54	0	0	0	0
source:backpack-brawl-solver/internal/solver.runRepairNeighborhood:repair.go:834	gsv2-021	11.78	0	0	1.06	0.0899830220713073
source:backpack-brawl-solver/internal/solver.runRepairNeighborhood:repair.go:834	gsv2-024	80.04	0	0	2.63	0.0328585707146427
source:backpack-brawl-solver/internal/solver.runRepairTask:repair.go:1216	gsv2-013	7.09	0	0	0.78	0.110014104372355
source:backpack-brawl-solver/internal/solver.runRepairTask:repair.go:1216	gsv2-015	7.13	0	0	1.03	0.144460028050491
source:backpack-brawl-solver/internal/solver.runRepairTask:repair.go:1216	gsv2-016	8.27	0	0	1.16	0.140266021765417
source:backpack-brawl-solver/internal/solver.runRepairTask:repair.go:1216	gsv2-018	120.54	0	0	0	0
source:backpack-brawl-solver/internal/solver.runRepairTask:repair.go:1216	gsv2-021	11.78	0	0	1.06	0.0899830220713073
source:backpack-brawl-solver/internal/solver.runRepairTask:repair.go:1216	gsv2-024	80.04	0	0	2.63	0.0328585707146427
source:backpack-brawl-solver/internal/solver.runRepairTask.func1:repair.go:1150	gsv2-013	7.09	0	0	0.56	0.078984485190409
source:backpack-brawl-solver/internal/solver.runRepairTask.func1:repair.go:1150	gsv2-015	7.13	0	0	0.67	0.0939691444600281
source:backpack-brawl-solver/internal/solver.runRepairTask.func1:repair.go:1150	gsv2-016	8.27	0	0	0.84	0.101571946795647
source:backpack-brawl-solver/internal/solver.runRepairTask.func1:repair.go:1150	gsv2-018	120.54	0	0	0	0
source:backpack-brawl-solver/internal/solver.runRepairTask.func1:repair.go:1150	gsv2-021	11.78	0	0	0.67	0.0568760611205433
source:backpack-brawl-solver/internal/solver.runRepairTask.func1:repair.go:1150	gsv2-024	80.04	0	0	0.48	0.00599700149925037
source:backpack-brawl-solver/internal/solver.runRepairTask.func1:repair.go:1197	gsv2-013	7.09	0	0	0.77	0.108603667136812
source:backpack-brawl-solver/internal/solver.runRepairTask.func1:repair.go:1197	gsv2-015	7.13	0.03	0.00420757363253857	1.03	0.144460028050491
source:backpack-brawl-solver/internal/solver.runRepairTask.func1:repair.go:1197	gsv2-016	8.27	0.03	0.00362756952841596	1.16	0.140266021765417
source:backpack-brawl-solver/internal/solver.runRepairTask.func1:repair.go:1197	gsv2-018	120.54	0	0	0	0
source:backpack-brawl-solver/internal/solver.runRepairTask.func1:repair.go:1197	gsv2-021	11.78	0.02	0.00169779286926995	1.06	0.0899830220713073
source:backpack-brawl-solver/internal/solver.runRepairTask.func1:repair.go:1197	gsv2-024	80.04	0.05	0.000624687656171914	2.63	0.0328585707146427
source:backpack-brawl-solver/internal/solver.runRepairTasks:repair.go:1000	gsv2-013	7.09	0	0	0.78	0.110014104372355
source:backpack-brawl-solver/internal/solver.runRepairTasks:repair.go:1000	gsv2-015	7.13	0	0	1.04	0.14586255259467
source:backpack-brawl-solver/internal/solver.runRepairTasks:repair.go:1000	gsv2-016	8.27	0	0	1.16	0.140266021765417
source:backpack-brawl-solver/internal/solver.runRepairTasks:repair.go:1000	gsv2-018	120.54	0	0	0	0
source:backpack-brawl-solver/internal/solver.runRepairTasks:repair.go:1000	gsv2-021	11.78	0	0	1.06	0.0899830220713073
source:backpack-brawl-solver/internal/solver.runRepairTasks:repair.go:1000	gsv2-024	80.04	0	0	2.63	0.0328585707146427
source:backpack-brawl-solver/internal/solver.runTask:solver.go:2387	gsv2-013	7.09	0	0	2.04	0.287729196050776
source:backpack-brawl-solver/internal/solver.runTask:solver.go:2387	gsv2-015	7.13	0	0	1.42	0.199158485273492
source:backpack-brawl-solver/internal/solver.runTask:solver.go:2387	gsv2-016	8.27	0	0	1.1	0.133010882708585
source:backpack-brawl-solver/internal/solver.runTask:solver.go:2387	gsv2-018	120.54	0	0	38.19	0.316824290691887
source:backpack-brawl-solver/internal/solver.runTask:solver.go:2387	gsv2-021	11.78	0	0	3.27	0.277589134125637
source:backpack-brawl-solver/internal/solver.runTask:solver.go:2387	gsv2-024	80.04	0	0	26.42	0.330084957521239
source:backpack-brawl-solver/internal/solver.runTask.func3:solver.go:2321	gsv2-013	7.09	0	0	1.58	0.222849083215797
source:backpack-brawl-solver/internal/solver.runTask.func3:solver.go:2321	gsv2-015	7.13	0	0	1.02	0.143057503506311
source:backpack-brawl-solver/internal/solver.runTask.func3:solver.go:2321	gsv2-016	8.27	0	0	0.74	0.0894800483675937
source:backpack-brawl-solver/internal/solver.runTask.func3:solver.go:2321	gsv2-018	120.54	0	0	1.17	0.00970632155301145
source:backpack-brawl-solver/internal/solver.runTask.func3:solver.go:2321	gsv2-021	11.78	0	0	1.74	0.147707979626486
source:backpack-brawl-solver/internal/solver.runTask.func3:solver.go:2321	gsv2-024	80.04	0	0	1.63	0.0203648175912044
source:backpack-brawl-solver/internal/solver.runTask.func3:solver.go:2331	gsv2-013	7.09	0	0	0.01	0.00141043723554302
source:backpack-brawl-solver/internal/solver.runTask.func3:solver.go:2331	gsv2-015	7.13	0	0	0	0
source:backpack-brawl-solver/internal/solver.runTask.func3:solver.go:2331	gsv2-016	8.27	0	0	0.13	0.0157194679564692
source:backpack-brawl-solver/internal/solver.runTask.func3:solver.go:2331	gsv2-018	120.54	0.02	0.000165920026547204	36.32	0.301310768209723
source:backpack-brawl-solver/internal/solver.runTask.func3:solver.go:2331	gsv2-021	11.78	0	0	0.85	0.0721561969439728
source:backpack-brawl-solver/internal/solver.runTask.func3:solver.go:2331	gsv2-024	80.04	0	0	24.09	0.300974512743628
source:backpack-brawl-solver/internal/solver.runTask.func3:solver.go:2370	gsv2-013	7.09	0.08	0.0112834978843441	2.04	0.287729196050776
source:backpack-brawl-solver/internal/solver.runTask.func3:solver.go:2370	gsv2-015	7.13	0.03	0.00420757363253857	1.42	0.199158485273492
source:backpack-brawl-solver/internal/solver.runTask.func3:solver.go:2370	gsv2-016	8.27	0.06	0.00725513905683192	1.1	0.133010882708585
source:backpack-brawl-solver/internal/solver.runTask.func3:solver.go:2370	gsv2-018	120.54	0.07	0.000580720092915215	38.19	0.316824290691887
source:backpack-brawl-solver/internal/solver.runTask.func3:solver.go:2370	gsv2-021	11.78	0.02	0.00169779286926995	3.27	0.277589134125637
source:backpack-brawl-solver/internal/solver.runTask.func3:solver.go:2370	gsv2-024	80.04	0.06	0.000749625187406297	26.42	0.330084957521239
source:backpack-brawl-solver/internal/solver.runTasks:solver.go:2116	gsv2-013	7.09	0	0	2.04	0.287729196050776
source:backpack-brawl-solver/internal/solver.runTasks:solver.go:2116	gsv2-015	7.13	0	0	1.42	0.199158485273492
source:backpack-brawl-solver/internal/solver.runTasks:solver.go:2116	gsv2-016	8.27	0	0	1.1	0.133010882708585
source:backpack-brawl-solver/internal/solver.runTasks:solver.go:2116	gsv2-018	120.54	0	0	38.19	0.316824290691887
source:backpack-brawl-solver/internal/solver.runTasks:solver.go:2116	gsv2-021	11.78	0	0	3.27	0.277589134125637
source:backpack-brawl-solver/internal/solver.runTasks:solver.go:2116	gsv2-024	80.04	0	0	26.42	0.330084957521239
source:backpack-brawl-solver/internal/solver.selectPlateauEntries:plateau.go:426	gsv2-013	7.09	0	0	0	0
source:backpack-brawl-solver/internal/solver.selectPlateauEntries:plateau.go:426	gsv2-015	7.13	0	0	0	0
source:backpack-brawl-solver/internal/solver.selectPlateauEntries:plateau.go:426	gsv2-016	8.27	0	0	0	0
source:backpack-brawl-solver/internal/solver.selectPlateauEntries:plateau.go:426	gsv2-018	120.54	0.49	0.0040650406504065	6.36	0.052762568442011
source:backpack-brawl-solver/internal/solver.selectPlateauEntries:plateau.go:426	gsv2-021	11.78	0	0	0	0
source:backpack-brawl-solver/internal/solver.selectPlateauEntries:plateau.go:426	gsv2-024	80.04	0.67	0.00837081459270365	3.4	0.0424787606196902
source:backpack-brawl-solver/internal/solver.selectPlateauEntries:plateau.go:431	gsv2-013	7.09	0	0	0	0
source:backpack-brawl-solver/internal/solver.selectPlateauEntries:plateau.go:431	gsv2-015	7.13	0	0	0	0
source:backpack-brawl-solver/internal/solver.selectPlateauEntries:plateau.go:431	gsv2-016	8.27	0	0	0	0
source:backpack-brawl-solver/internal/solver.selectPlateauEntries:plateau.go:431	gsv2-018	120.54	0.39	0.00323544051767048	3.88	0.0321884851501576
source:backpack-brawl-solver/internal/solver.selectPlateauEntries:plateau.go:431	gsv2-021	11.78	0	0	0	0
source:backpack-brawl-solver/internal/solver.selectPlateauEntries:plateau.go:431	gsv2-024	80.04	0.55	0.00687156421789105	3.79	0.0473513243378311
source:backpack-brawl-solver/internal/solver.selectPlateauEntries:plateau.go:433	gsv2-013	7.09	0	0	0	0
source:backpack-brawl-solver/internal/solver.selectPlateauEntries:plateau.go:433	gsv2-015	7.13	0	0	0	0
source:backpack-brawl-solver/internal/solver.selectPlateauEntries:plateau.go:433	gsv2-016	8.27	0	0	0	0
source:backpack-brawl-solver/internal/solver.selectPlateauEntries:plateau.go:433	gsv2-018	120.54	0	0	3.06	0.0253857640617223
source:backpack-brawl-solver/internal/solver.selectPlateauEntries:plateau.go:433	gsv2-021	11.78	0	0	0	0
source:backpack-brawl-solver/internal/solver.selectPlateauEntries:plateau.go:433	gsv2-024	80.04	0	0	3.13	0.0391054472763618
source:backpack-brawl-solver/internal/solver.selectPlateauEntries:plateau.go:434	gsv2-013	7.09	0	0	0	0
source:backpack-brawl-solver/internal/solver.selectPlateauEntries:plateau.go:434	gsv2-015	7.13	0	0	0	0
source:backpack-brawl-solver/internal/solver.selectPlateauEntries:plateau.go:434	gsv2-016	8.27	0	0	0	0
source:backpack-brawl-solver/internal/solver.selectPlateauEntries:plateau.go:434	gsv2-018	120.54	0	0	1.82	0.0150987224157956
source:backpack-brawl-solver/internal/solver.selectPlateauEntries:plateau.go:434	gsv2-021	11.78	0	0	0	0
source:backpack-brawl-solver/internal/solver.selectPlateauEntries:plateau.go:434	gsv2-024	80.04	0.01	0.000124937531234383	1.07	0.013368315842079
source:backpack-brawl-solver/internal/solver.selectPlateauEntries:plateau.go:443	gsv2-013	7.09	0	0	0	0
source:backpack-brawl-solver/internal/solver.selectPlateauEntries:plateau.go:443	gsv2-015	7.13	0	0	0	0
source:backpack-brawl-solver/internal/solver.selectPlateauEntries:plateau.go:443	gsv2-016	8.27	0	0	0	0
source:backpack-brawl-solver/internal/solver.selectPlateauEntries:plateau.go:443	gsv2-018	120.54	0	0	2.09	0.0173386427741828
source:backpack-brawl-solver/internal/solver.selectPlateauEntries:plateau.go:443	gsv2-021	11.78	0	0	0	0
source:backpack-brawl-solver/internal/solver.selectPlateauEntries:plateau.go:443	gsv2-024	80.04	0	0	1.59	0.0198650674662669
source:backpack-brawl-solver/internal/solver.selectPlateauEntries:plateau.go:454	gsv2-013	7.09	0	0	0	0
source:backpack-brawl-solver/internal/solver.selectPlateauEntries:plateau.go:454	gsv2-015	7.13	0	0	0	0
source:backpack-brawl-solver/internal/solver.selectPlateauEntries:plateau.go:454	gsv2-016	8.27	0	0	0	0
source:backpack-brawl-solver/internal/solver.selectPlateauEntries:plateau.go:454	gsv2-018	120.54	0	0	5.42	0.0449643271942924
source:backpack-brawl-solver/internal/solver.selectPlateauEntries:plateau.go:454	gsv2-021	11.78	0	0	0	0
source:backpack-brawl-solver/internal/solver.selectPlateauEntries:plateau.go:454	gsv2-024	80.04	0	0	0.51	0.00637181409295352
source:backpack-brawl-solver/internal/solver.solveLayoutStage:solver.go:989	gsv2-013	7.09	0	0	0.69	0.0973201692524683
source:backpack-brawl-solver/internal/solver.solveLayoutStage:solver.go:989	gsv2-015	7.13	0	0	0.68	0.0953716690042076
source:backpack-brawl-solver/internal/solver.solveLayoutStage:solver.go:989	gsv2-016	8.27	0	0	1.56	0.18863361547763
source:backpack-brawl-solver/internal/solver.solveLayoutStage:solver.go:989	gsv2-018	120.54	0	0	0.94	0.0077982412477186
source:backpack-brawl-solver/internal/solver.solveLayoutStage:solver.go:989	gsv2-021	11.78	0	0	0.92	0.0780984719864177
source:backpack-brawl-solver/internal/solver.solveLayoutStage:solver.go:989	gsv2-024	80.04	0	0	1.79	0.0223638180909545
source:backpack-brawl-solver/internal/solver.solveLayoutStage:solver.go:994	gsv2-013	7.09	0	0	0.39	0.0550070521861777
source:backpack-brawl-solver/internal/solver.solveLayoutStage:solver.go:994	gsv2-015	7.13	0	0	0.46	0.0645161290322581
source:backpack-brawl-solver/internal/solver.solveLayoutStage:solver.go:994	gsv2-016	8.27	0	0	0.46	0.0556227327690447
source:backpack-brawl-solver/internal/solver.solveLayoutStage:solver.go:994	gsv2-018	120.54	0	0	1.15	0.00954040152646424
source:backpack-brawl-solver/internal/solver.solveLayoutStage:solver.go:994	gsv2-021	11.78	0	0	1.41	0.119694397283531
source:backpack-brawl-solver/internal/solver.solveLayoutStage:solver.go:994	gsv2-024	80.04	0	0	3.87	0.0483508245877061
source:backpack-brawl-solver/internal/solver.solveLayoutStage:solver.go:1006	gsv2-013	7.09	0	0	0.46	0.0648801128349789
source:backpack-brawl-solver/internal/solver.solveLayoutStage:solver.go:1006	gsv2-015	7.13	0	0	0.43	0.0603085553997195
source:backpack-brawl-solver/internal/solver.solveLayoutStage:solver.go:1006	gsv2-016	8.27	0	0	0.82	0.0991535671100363
source:backpack-brawl-solver/internal/solver.solveLayoutStage:solver.go:1006	gsv2-018	120.54	0	0	0.41	0.00340136054421769
source:backpack-brawl-solver/internal/solver.solveLayoutStage:solver.go:1006	gsv2-021	11.78	0	0	0.65	0.0551782682512734
source:backpack-brawl-solver/internal/solver.solveLayoutStage:solver.go:1006	gsv2-024	80.04	0	0	0.52	0.00649675162418791
source:backpack-brawl-solver/internal/solver.solveLayoutStage:solver.go:1107	gsv2-013	7.09	0	0	0.28	0.0394922425952045
source:backpack-brawl-solver/internal/solver.solveLayoutStage:solver.go:1107	gsv2-015	7.13	0	0	0.34	0.0476858345021038
source:backpack-brawl-solver/internal/solver.solveLayoutStage:solver.go:1107	gsv2-016	8.27	0	0	0.28	0.033857315598549
source:backpack-brawl-solver/internal/solver.solveLayoutStage:solver.go:1107	gsv2-018	120.54	0	0	0	0
source:backpack-brawl-solver/internal/solver.solveLayoutStage:solver.go:1107	gsv2-021	11.78	0	0	0.91	0.0772495755517827
source:backpack-brawl-solver/internal/solver.solveLayoutStage:solver.go:1107	gsv2-024	80.04	0	0	1.01	0.0126186906546727
source:backpack-brawl-solver/internal/solver.solveLayoutStage:solver.go:1191	gsv2-013	7.09	0	0	2.04	0.287729196050776
source:backpack-brawl-solver/internal/solver.solveLayoutStage:solver.go:1191	gsv2-015	7.13	0	0	1.42	0.199158485273492
source:backpack-brawl-solver/internal/solver.solveLayoutStage:solver.go:1191	gsv2-016	8.27	0	0	1.1	0.133010882708585
source:backpack-brawl-solver/internal/solver.solveLayoutStage:solver.go:1191	gsv2-018	120.54	0	0	38.19	0.316824290691887
source:backpack-brawl-solver/internal/solver.solveLayoutStage:solver.go:1191	gsv2-021	11.78	0	0	3.28	0.278438030560272
source:backpack-brawl-solver/internal/solver.solveLayoutStage:solver.go:1191	gsv2-024	80.04	0	0	26.42	0.330084957521239
source:backpack-brawl-solver/internal/solver.solveLayoutStage:solver.go:1229	gsv2-013	7.09	0	0	0.53	0.07475317348378
source:backpack-brawl-solver/internal/solver.solveLayoutStage:solver.go:1229	gsv2-015	7.13	0	0	0.78	0.109396914446003
source:backpack-brawl-solver/internal/solver.solveLayoutStage:solver.go:1229	gsv2-016	8.27	0	0	0.92	0.111245465538089
source:backpack-brawl-solver/internal/solver.solveLayoutStage:solver.go:1229	gsv2-018	120.54	0	0	0	0
source:backpack-brawl-solver/internal/solver.solveLayoutStage:solver.go:1229	gsv2-021	11.78	0	0	0.46	0.0390492359932088
source:backpack-brawl-solver/internal/solver.solveLayoutStage:solver.go:1229	gsv2-024	80.04	0	0	1.77	0.0221139430284858
source:backpack-brawl-solver/internal/solver.placementRespectsCanonicalCopyOrder:solver.go:2830	gsv2-013	7.09	0.02	0.00282087447108604	0.21	0.0296191819464034
source:backpack-brawl-solver/internal/solver.placementRespectsCanonicalCopyOrder:solver.go:2830	gsv2-015	7.13	0.02	0.00280504908835905	0.12	0.0168302945301543
source:backpack-brawl-solver/internal/solver.placementRespectsCanonicalCopyOrder:solver.go:2830	gsv2-016	8.27	0.08	0.00967351874244256	0.51	0.0616686819830713
source:backpack-brawl-solver/internal/solver.placementRespectsCanonicalCopyOrder:solver.go:2830	gsv2-018	120.54	0.1	0.000829600132736021	0.32	0.00265472042475527
source:backpack-brawl-solver/internal/solver.placementRespectsCanonicalCopyOrder:solver.go:2830	gsv2-021	11.78	0.04	0.0033955857385399	0.28	0.0237691001697793
source:backpack-brawl-solver/internal/solver.placementRespectsCanonicalCopyOrder:solver.go:2830	gsv2-024	80.04	0.23	0.0028735632183908	0.97	0.0121189405297351
source:backpack-brawl-solver/internal/solver.partialRepairV3PriorityUpperBound:partial_repair_bound.go:52	gsv2-013	7.09	0	0	0.22	0.0310296191819464
source:backpack-brawl-solver/internal/solver.partialRepairV3PriorityUpperBound:partial_repair_bound.go:52	gsv2-015	7.13	0	0	0.21	0.02945301542777
source:backpack-brawl-solver/internal/solver.partialRepairV3PriorityUpperBound:partial_repair_bound.go:52	gsv2-016	8.27	0	0	0.25	0.030229746070133
source:backpack-brawl-solver/internal/solver.partialRepairV3PriorityUpperBound:partial_repair_bound.go:52	gsv2-018	120.54	0	0	0.09	0.000746640119462419
source:backpack-brawl-solver/internal/solver.partialRepairV3PriorityUpperBound:partial_repair_bound.go:52	gsv2-021	11.78	0	0	0.88	0.0747028862478778
source:backpack-brawl-solver/internal/solver.partialRepairV3PriorityUpperBound:partial_repair_bound.go:52	gsv2-024	80.04	0	0	1.5	0.0187406296851574
source:backpack-brawl-solver/internal/solver.partialRepairStarUpperForItem:partial_repair_bound.go:193	gsv2-013	7.09	0	0	0.22	0.0310296191819464
source:backpack-brawl-solver/internal/solver.partialRepairStarUpperForItem:partial_repair_bound.go:193	gsv2-015	7.13	0	0	0.21	0.02945301542777
source:backpack-brawl-solver/internal/solver.partialRepairStarUpperForItem:partial_repair_bound.go:193	gsv2-016	8.27	0	0	0.25	0.030229746070133
source:backpack-brawl-solver/internal/solver.partialRepairStarUpperForItem:partial_repair_bound.go:193	gsv2-018	120.54	0	0	0.09	0.000746640119462419
source:backpack-brawl-solver/internal/solver.partialRepairStarUpperForItem:partial_repair_bound.go:193	gsv2-021	11.78	0	0	0.88	0.0747028862478778
source:backpack-brawl-solver/internal/solver.partialRepairStarUpperForItem:partial_repair_bound.go:193	gsv2-024	80.04	0	0	1.5	0.0187406296851574
source:backpack-brawl-solver/internal/solver.partialRepairSourceStarUpper:partial_repair_bound.go:231	gsv2-013	7.09	0	0	0.22	0.0310296191819464
source:backpack-brawl-solver/internal/solver.partialRepairSourceStarUpper:partial_repair_bound.go:231	gsv2-015	7.13	0	0	0.2	0.0280504908835905
source:backpack-brawl-solver/internal/solver.partialRepairSourceStarUpper:partial_repair_bound.go:231	gsv2-016	8.27	0	0	0.22	0.0266021765417171
source:backpack-brawl-solver/internal/solver.partialRepairSourceStarUpper:partial_repair_bound.go:231	gsv2-018	120.54	0	0	0.09	0.000746640119462419
source:backpack-brawl-solver/internal/solver.partialRepairSourceStarUpper:partial_repair_bound.go:231	gsv2-021	11.78	0.01	0.000848896434634975	0.84	0.0713073005093379
source:backpack-brawl-solver/internal/solver.partialRepairSourceStarUpper:partial_repair_bound.go:231	gsv2-024	80.04	0.04	0.000499750124937531	1.46	0.0182408795602199
source:backpack-brawl-solver/internal/solver.(*outgoingBoundContext).upperPriorityCounts:outgoing_bound.go:123	gsv2-013	7.09	0	0	2.08	0.293370944992948
source:backpack-brawl-solver/internal/solver.(*outgoingBoundContext).upperPriorityCounts:outgoing_bound.go:123	gsv2-015	7.13	0.01	0.00140252454417952	1.67	0.23422159887798
source:backpack-brawl-solver/internal/solver.(*outgoingBoundContext).upperPriorityCounts:outgoing_bound.go:123	gsv2-016	8.27	0	0	1.53	0.185006045949214
source:backpack-brawl-solver/internal/solver.(*outgoingBoundContext).upperPriorityCounts:outgoing_bound.go:123	gsv2-018	120.54	0.01	8.29600132736021E-05	1.12	0.00929152148664344
source:backpack-brawl-solver/internal/solver.(*outgoingBoundContext).upperPriorityCounts:outgoing_bound.go:123	gsv2-021	11.78	0	0	2.31	0.196095076400679
source:backpack-brawl-solver/internal/solver.(*outgoingBoundContext).upperPriorityCounts:outgoing_bound.go:123	gsv2-024	80.04	0	0	1.98	0.0247376311844078
source:backpack-brawl-solver/internal/solver.(*outgoingBoundContext).upperPriorityCountsIndexed:outgoing_bound.go:195	gsv2-013	7.09	0.02	0.00282087447108604	0.98	0.138222849083216
source:backpack-brawl-solver/internal/solver.(*outgoingBoundContext).upperPriorityCountsIndexed:outgoing_bound.go:195	gsv2-015	7.13	0.05	0.00701262272089762	0.86	0.120617110799439
source:backpack-brawl-solver/internal/solver.(*outgoingBoundContext).upperPriorityCountsIndexed:outgoing_bound.go:195	gsv2-016	8.27	0.02	0.00241837968561064	0.78	0.094316807738815
source:backpack-brawl-solver/internal/solver.(*outgoingBoundContext).upperPriorityCountsIndexed:outgoing_bound.go:195	gsv2-018	120.54	0.01	8.29600132736021E-05	0.32	0.00265472042475527
source:backpack-brawl-solver/internal/solver.(*outgoingBoundContext).upperPriorityCountsIndexed:outgoing_bound.go:195	gsv2-021	11.78	0.04	0.0033955857385399	1.47	0.124787775891341
source:backpack-brawl-solver/internal/solver.(*outgoingBoundContext).upperPriorityCountsIndexed:outgoing_bound.go:195	gsv2-024	80.04	0.07	0.00087456271864068	1.16	0.0144927536231884
source:backpack-brawl-solver/internal/solver.(*outgoingBoundContext).upperPriorityCountsIndexed:outgoing_bound.go:201	gsv2-013	7.09	0.01	0.00141043723554302	0.64	0.0902679830747532
source:backpack-brawl-solver/internal/solver.(*outgoingBoundContext).upperPriorityCountsIndexed:outgoing_bound.go:201	gsv2-015	7.13	0.01	0.00140252454417952	0.56	0.0785413744740533
source:backpack-brawl-solver/internal/solver.(*outgoingBoundContext).upperPriorityCountsIndexed:outgoing_bound.go:201	gsv2-016	8.27	0.01	0.00120918984280532	0.45	0.0544135429262394
source:backpack-brawl-solver/internal/solver.(*outgoingBoundContext).upperPriorityCountsIndexed:outgoing_bound.go:201	gsv2-018	120.54	0.01	8.29600132736021E-05	0.44	0.00365024058403849
source:backpack-brawl-solver/internal/solver.(*outgoingBoundContext).upperPriorityCountsIndexed:outgoing_bound.go:201	gsv2-021	11.78	0.01	0.000848896434634975	0.43	0.0365025466893039
source:backpack-brawl-solver/internal/solver.(*outgoingBoundContext).upperPriorityCountsIndexed:outgoing_bound.go:201	gsv2-024	80.04	0.01	0.000124937531234383	0.43	0.00537231384307846
source:backpack-brawl-solver/internal/solver.(*plateauArchive).observe:plateau.go:76	gsv2-013	7.09	0	0	0	0
source:backpack-brawl-solver/internal/solver.(*plateauArchive).observe:plateau.go:76	gsv2-015	7.13	0	0	0	0
source:backpack-brawl-solver/internal/solver.(*plateauArchive).observe:plateau.go:76	gsv2-016	8.27	0	0	0	0
source:backpack-brawl-solver/internal/solver.(*plateauArchive).observe:plateau.go:76	gsv2-018	120.54	0	0	1.29	0.0107018417122947
source:backpack-brawl-solver/internal/solver.(*plateauArchive).observe:plateau.go:76	gsv2-021	11.78	0	0	0	0
source:backpack-brawl-solver/internal/solver.(*plateauArchive).observe:plateau.go:76	gsv2-024	80.04	0	0	1.8	0.0224887556221889
source:backpack-brawl-solver/internal/solver.(*plateauArchive).observe:plateau.go:87	gsv2-013	7.09	0	0	0	0
source:backpack-brawl-solver/internal/solver.(*plateauArchive).observe:plateau.go:87	gsv2-015	7.13	0	0	0	0
source:backpack-brawl-solver/internal/solver.(*plateauArchive).observe:plateau.go:87	gsv2-016	8.27	0	0	0	0
source:backpack-brawl-solver/internal/solver.(*plateauArchive).observe:plateau.go:87	gsv2-018	120.54	0.02	0.000165920026547204	4.04	0.0335158453625353
source:backpack-brawl-solver/internal/solver.(*plateauArchive).observe:plateau.go:87	gsv2-021	11.78	0	0	0	0
source:backpack-brawl-solver/internal/solver.(*plateauArchive).observe:plateau.go:87	gsv2-024	80.04	0.01	0.000124937531234383	2.32	0.0289855072463768
source:backpack-brawl-solver/internal/solver.(*plateauArchive).observe:plateau.go:88	gsv2-013	7.09	0	0	0	0
source:backpack-brawl-solver/internal/solver.(*plateauArchive).observe:plateau.go:88	gsv2-015	7.13	0	0	0	0
source:backpack-brawl-solver/internal/solver.(*plateauArchive).observe:plateau.go:88	gsv2-016	8.27	0	0	0	0
source:backpack-brawl-solver/internal/solver.(*plateauArchive).observe:plateau.go:88	gsv2-018	120.54	0.01	8.29600132736021E-05	25.41	0.210801393728223
source:backpack-brawl-solver/internal/solver.(*plateauArchive).observe:plateau.go:88	gsv2-021	11.78	0	0	0	0
source:backpack-brawl-solver/internal/solver.(*plateauArchive).observe:plateau.go:88	gsv2-024	80.04	0	0	15.33	0.191529235382309
source:backpack-brawl-solver/internal/solver.SolveLayout:solver.go:541	gsv2-013	7.09	0	0	4.43	0.624823695345557
source:backpack-brawl-solver/internal/solver.SolveLayout:solver.go:541	gsv2-015	7.13	0	0	4.15	0.582047685834502
source:backpack-brawl-solver/internal/solver.SolveLayout:solver.go:541	gsv2-016	8.27	0	0	5.21	0.629987908101572
source:backpack-brawl-solver/internal/solver.SolveLayout:solver.go:541	gsv2-018	120.54	0	0	41.04	0.340467894474863
source:backpack-brawl-solver/internal/solver.SolveLayout:solver.go:541	gsv2-021	11.78	0	0	7.72	0.6553480475382
source:backpack-brawl-solver/internal/solver.SolveLayout:solver.go:541	gsv2-024	80.04	0	0	36.12	0.451274362818591
source:backpack-brawl-solver/internal/solver.canonicalLayoutDigest:diagnostics.go:763	gsv2-013	7.09	0	0	0	0
source:backpack-brawl-solver/internal/solver.canonicalLayoutDigest:diagnostics.go:763	gsv2-015	7.13	0	0	0	0
source:backpack-brawl-solver/internal/solver.canonicalLayoutDigest:diagnostics.go:763	gsv2-016	8.27	0	0	0	0
source:backpack-brawl-solver/internal/solver.canonicalLayoutDigest:diagnostics.go:763	gsv2-018	120.54	0	0	1.11	0.00920856147336984
source:backpack-brawl-solver/internal/solver.canonicalLayoutDigest:diagnostics.go:763	gsv2-021	11.78	0	0	0	0
source:backpack-brawl-solver/internal/solver.canonicalLayoutDigest:diagnostics.go:763	gsv2-024	80.04	0.03	0.000374812593703148	1.39	0.0173663168415792
source:backpack-brawl-solver/internal/solver.canonicalLayoutHash:diagnostics.go:770	gsv2-013	7.09	0	0	0	0
source:backpack-brawl-solver/internal/solver.canonicalLayoutHash:diagnostics.go:770	gsv2-015	7.13	0	0	0	0
source:backpack-brawl-solver/internal/solver.canonicalLayoutHash:diagnostics.go:770	gsv2-016	8.27	0	0	0	0
source:backpack-brawl-solver/internal/solver.canonicalLayoutHash:diagnostics.go:770	gsv2-018	120.54	0	0	1.57	0.0130247220839555
source:backpack-brawl-solver/internal/solver.canonicalLayoutHash:diagnostics.go:770	gsv2-021	11.78	0	0	0	0
source:backpack-brawl-solver/internal/solver.canonicalLayoutHash:diagnostics.go:770	gsv2-024	80.04	0	0	1.91	0.0238630684657671
source:backpack-brawl-solver/internal/solver.canonicalLinkSignature:plateau.go:486	gsv2-013	7.09	0	0	0	0
source:backpack-brawl-solver/internal/solver.canonicalLinkSignature:plateau.go:486	gsv2-015	7.13	0	0	0	0
source:backpack-brawl-solver/internal/solver.canonicalLinkSignature:plateau.go:486	gsv2-016	8.27	0	0	0	0
source:backpack-brawl-solver/internal/solver.canonicalLinkSignature:plateau.go:486	gsv2-018	120.54	0	0	1.28	0.0106188816990211
source:backpack-brawl-solver/internal/solver.canonicalLinkSignature:plateau.go:486	gsv2-021	11.78	0	0	0	0
source:backpack-brawl-solver/internal/solver.canonicalLinkSignature:plateau.go:486	gsv2-024	80.04	0.01	0.000124937531234383	1.81	0.0226136931534233
source:backpack-brawl-solver/internal/solver.canonicalLinkTokens:plateau.go:490	gsv2-013	7.09	0	0	0	0
source:backpack-brawl-solver/internal/solver.canonicalLinkTokens:plateau.go:490	gsv2-015	7.13	0	0	0	0
source:backpack-brawl-solver/internal/solver.canonicalLinkTokens:plateau.go:490	gsv2-016	8.27	0	0	0	0
source:backpack-brawl-solver/internal/solver.canonicalLinkTokens:plateau.go:490	gsv2-018	120.54	0	0	1.15	0.00954040152646424
source:backpack-brawl-solver/internal/solver.canonicalLinkTokens:plateau.go:490	gsv2-021	11.78	0	0	0	0
source:backpack-brawl-solver/internal/solver.canonicalLinkTokens:plateau.go:490	gsv2-024	80.04	0	0	1.58	0.0197401299350325
source:backpack-brawl-solver/internal/solver.sortPlateauEntries:plateau.go:459	gsv2-013	7.09	0	0	0	0
source:backpack-brawl-solver/internal/solver.sortPlateauEntries:plateau.go:459	gsv2-015	7.13	0	0	0	0
source:backpack-brawl-solver/internal/solver.sortPlateauEntries:plateau.go:459	gsv2-016	8.27	0	0	0	0
source:backpack-brawl-solver/internal/solver.sortPlateauEntries:plateau.go:459	gsv2-018	120.54	0.01	8.29600132736021E-05	11.55	0.0958188153310105
source:backpack-brawl-solver/internal/solver.sortPlateauEntries:plateau.go:459	gsv2-021	11.78	0	0	0	0
source:backpack-brawl-solver/internal/solver.sortPlateauEntries:plateau.go:459	gsv2-024	80.04	0.02	0.000249875062468766	5.7	0.0712143928035982
source:backpack-brawl-solver/internal/solver.constellationSeedSearch:constellation_seed.go:274	gsv2-013	7.09	0	0	0.39	0.0550070521861777
source:backpack-brawl-solver/internal/solver.constellationSeedSearch:constellation_seed.go:274	gsv2-015	7.13	0	0	0.27	0.0378681626928471
source:backpack-brawl-solver/internal/solver.constellationSeedSearch:constellation_seed.go:274	gsv2-016	8.27	0	0	0.46	0.0556227327690447
source:backpack-brawl-solver/internal/solver.constellationSeedSearch:constellation_seed.go:274	gsv2-018	120.54	0	0	0.36	0.00298656047784968
source:backpack-brawl-solver/internal/solver.constellationSeedSearch:constellation_seed.go:274	gsv2-021	11.78	0	0	1	0.0848896434634975
source:backpack-brawl-solver/internal/solver.constellationSeedSearch:constellation_seed.go:274	gsv2-024	80.04	0	0	1.93	0.0241129435282359
source:backpack-brawl-solver/internal/solver.coveragePlacementKey:coverage.go:548	gsv2-013	7.09	0.01	0.00141043723554302	0.54	0.076163610719323
source:backpack-brawl-solver/internal/solver.coveragePlacementKey:coverage.go:548	gsv2-015	7.13	0.01	0.00140252454417952	0.54	0.0757363253856943
source:backpack-brawl-solver/internal/solver.coveragePlacementKey:coverage.go:548	gsv2-016	8.27	0	0	0.48	0.0580411124546554
source:backpack-brawl-solver/internal/solver.coveragePlacementKey:coverage.go:548	gsv2-018	120.54	0.01	8.29600132736021E-05	0.38	0.00315248050439688
source:backpack-brawl-solver/internal/solver.coveragePlacementKey:coverage.go:548	gsv2-021	11.78	0	0	0.45	0.0382003395585739
source:backpack-brawl-solver/internal/solver.coveragePlacementKey:coverage.go:548	gsv2-024	80.04	0	0	0.36	0.00449775112443778
source:backpack-brawl-solver/internal/solver.evaluateLayoutForConfig:solver.go:2506	gsv2-013	7.09	0	0	0.01	0.00141043723554302
source:backpack-brawl-solver/internal/solver.evaluateLayoutForConfig:solver.go:2506	gsv2-015	7.13	0	0	0	0
source:backpack-brawl-solver/internal/solver.evaluateLayoutForConfig:solver.go:2506	gsv2-016	8.27	0	0	0	0
source:backpack-brawl-solver/internal/solver.evaluateLayoutForConfig:solver.go:2506	gsv2-018	120.54	0	0	1.5	0.0124440019910403
source:backpack-brawl-solver/internal/solver.evaluateLayoutForConfig:solver.go:2506	gsv2-021	11.78	0	0	0.01	0.000848896434634975
source:backpack-brawl-solver/internal/solver.evaluateLayoutForConfig:solver.go:2506	gsv2-024	80.04	0.01	0.000124937531234383	1.85	0.0231134432783608
source:backpack-brawl-solver/internal/solver.evaluateScoreForConfig:solver.go:2510	gsv2-013	7.09	0	0	0.29	0.0409026798307475
source:backpack-brawl-solver/internal/solver.evaluateScoreForConfig:solver.go:2510	gsv2-015	7.13	0	0	0.31	0.0434782608695652
source:backpack-brawl-solver/internal/solver.evaluateScoreForConfig:solver.go:2510	gsv2-016	8.27	0	0	0.74	0.0894800483675937
source:backpack-brawl-solver/internal/solver.evaluateScoreForConfig:solver.go:2510	gsv2-018	120.54	0.01	8.29600132736021E-05	1.39	0.0115314418450307
source:backpack-brawl-solver/internal/solver.evaluateScoreForConfig:solver.go:2510	gsv2-021	11.78	0	0	1.07	0.0908319185059423
source:backpack-brawl-solver/internal/solver.evaluateScoreForConfig:solver.go:2510	gsv2-024	80.04	0	0	1.68	0.0209895052473763
source:backpack-brawl-solver/internal/solver.filterConstellationPriorityFeasibleStates:constellation_seed.go:852	gsv2-013	7.09	0	0	0.35	0.0493653032440056
source:backpack-brawl-solver/internal/solver.filterConstellationPriorityFeasibleStates:constellation_seed.go:852	gsv2-015	7.13	0	0	0.4	0.0561009817671809
source:backpack-brawl-solver/internal/solver.filterConstellationPriorityFeasibleStates:constellation_seed.go:852	gsv2-016	8.27	0	0	0.41	0.0495767835550181
source:backpack-brawl-solver/internal/solver.filterConstellationPriorityFeasibleStates:constellation_seed.go:852	gsv2-018	120.54	0	0	0.44	0.00365024058403849
source:backpack-brawl-solver/internal/solver.filterConstellationPriorityFeasibleStates:constellation_seed.go:852	gsv2-021	11.78	0	0	1.34	0.113752122241087
source:backpack-brawl-solver/internal/solver.filterConstellationPriorityFeasibleStates:constellation_seed.go:852	gsv2-024	80.04	0	0	2.5	0.0312343828085957
source:backpack-brawl-solver/internal/solver.insertCandidateWithScoreOnlyFilter:solver.go:2735	gsv2-013	7.09	0	0	0	0
source:backpack-brawl-solver/internal/solver.insertCandidateWithScoreOnlyFilter:solver.go:2735	gsv2-015	7.13	0	0	0	0
source:backpack-brawl-solver/internal/solver.insertCandidateWithScoreOnlyFilter:solver.go:2735	gsv2-016	8.27	0	0	0.12	0.0145102781136638
source:backpack-brawl-solver/internal/solver.insertCandidateWithScoreOnlyFilter:solver.go:2735	gsv2-018	120.54	0	0	0.91	0.00754936120789779
source:backpack-brawl-solver/internal/solver.insertCandidateWithScoreOnlyFilter:solver.go:2735	gsv2-021	11.78	0	0	0.68	0.0577249575551783
source:backpack-brawl-solver/internal/solver.insertCandidateWithScoreOnlyFilter:solver.go:2735	gsv2-024	80.04	0	0	0.91	0.0113693153423288
source:backpack-brawl-solver/internal/solver.insertCandidateWithScoreOnlyFilter:solver.go:2736	gsv2-013	7.09	0	0	0	0
source:backpack-brawl-solver/internal/solver.insertCandidateWithScoreOnlyFilter:solver.go:2736	gsv2-015	7.13	0	0	0	0
source:backpack-brawl-solver/internal/solver.insertCandidateWithScoreOnlyFilter:solver.go:2736	gsv2-016	8.27	0	0	0	0
source:backpack-brawl-solver/internal/solver.insertCandidateWithScoreOnlyFilter:solver.go:2736	gsv2-018	120.54	0	0	35.16	0.291687406669985
source:backpack-brawl-solver/internal/solver.insertCandidateWithScoreOnlyFilter:solver.go:2736	gsv2-021	11.78	0.01	0.000848896434634975	0.02	0.00169779286926995
source:backpack-brawl-solver/internal/solver.insertCandidateWithScoreOnlyFilter:solver.go:2736	gsv2-024	80.04	0	0	24.12	0.301349325337331
source:backpack-brawl-solver/internal/solver.observeSearchCandidate:plateau.go:616	gsv2-013	7.09	0	0	0	0
source:backpack-brawl-solver/internal/solver.observeSearchCandidate:plateau.go:616	gsv2-015	7.13	0	0	0	0
source:backpack-brawl-solver/internal/solver.observeSearchCandidate:plateau.go:616	gsv2-016	8.27	0	0	0	0
source:backpack-brawl-solver/internal/solver.observeSearchCandidate:plateau.go:616	gsv2-018	120.54	0.04	0.000331840053094409	1.55	0.0128588020574083
source:backpack-brawl-solver/internal/solver.observeSearchCandidate:plateau.go:616	gsv2-021	11.78	0	0	0	0
source:backpack-brawl-solver/internal/solver.observeSearchCandidate:plateau.go:616	gsv2-024	80.04	0	0	1.83	0.0228635682158921
source:backpack-brawl-solver/internal/solver.observeSearchCandidate:plateau.go:622	gsv2-013	7.09	0	0	0	0
source:backpack-brawl-solver/internal/solver.observeSearchCandidate:plateau.go:622	gsv2-015	7.13	0	0	0	0
source:backpack-brawl-solver/internal/solver.observeSearchCandidate:plateau.go:622	gsv2-016	8.27	0	0	0	0
source:backpack-brawl-solver/internal/solver.observeSearchCandidate:plateau.go:622	gsv2-018	120.54	0	0	1.62	0.0134395221503235
source:backpack-brawl-solver/internal/solver.observeSearchCandidate:plateau.go:622	gsv2-021	11.78	0	0	0	0
source:backpack-brawl-solver/internal/solver.observeSearchCandidate:plateau.go:622	gsv2-024	80.04	0	0	1.88	0.023488255872064
source:backpack-brawl-solver/internal/solver.observeSearchCandidate:plateau.go:628	gsv2-013	7.09	0	0	0	0
source:backpack-brawl-solver/internal/solver.observeSearchCandidate:plateau.go:628	gsv2-015	7.13	0	0	0	0
source:backpack-brawl-solver/internal/solver.observeSearchCandidate:plateau.go:628	gsv2-016	8.27	0	0	0	0
source:backpack-brawl-solver/internal/solver.observeSearchCandidate:plateau.go:628	gsv2-018	120.54	0	0	31.66	0.262651402024224
source:backpack-brawl-solver/internal/solver.observeSearchCandidate:plateau.go:628	gsv2-021	11.78	0	0	0	0
source:backpack-brawl-solver/internal/solver.observeSearchCandidate:plateau.go:628	gsv2-024	80.04	0	0	19.96	0.249375312343828
source:backpack-brawl-solver/internal/solver.packingFeasibility:packing_seed.go:261	gsv2-013	7.09	0.04	0.00564174894217207	0.31	0.0437235543018336
source:backpack-brawl-solver/internal/solver.packingFeasibility:packing_seed.go:261	gsv2-015	7.13	0	0	0.18	0.0252454417952314
source:backpack-brawl-solver/internal/solver.packingFeasibility:packing_seed.go:261	gsv2-016	8.27	0.07	0.00846432889963725	0.69	0.0834340991535671
source:backpack-brawl-solver/internal/solver.packingFeasibility:packing_seed.go:261	gsv2-018	120.54	0.02	0.000165920026547204	0.35	0.00290360046457607
source:backpack-brawl-solver/internal/solver.packingFeasibility:packing_seed.go:261	gsv2-021	11.78	0.04	0.0033955857385399	0.44	0.0373514431239389
source:backpack-brawl-solver/internal/solver.packingFeasibility:packing_seed.go:261	gsv2-024	80.04	0.05	0.000624687656171914	0.83	0.0103698150924538
source:backpack-brawl-solver/internal/solver.packingSeedSearch:packing_seed.go:138	gsv2-013	7.09	0	0	0.45	0.0634696755994358
source:backpack-brawl-solver/internal/solver.packingSeedSearch:packing_seed.go:138	gsv2-015	7.13	0	0	0.28	0.0392706872370267
source:backpack-brawl-solver/internal/solver.packingSeedSearch:packing_seed.go:138	gsv2-016	8.27	0	0	0.95	0.114873035066505
source:backpack-brawl-solver/internal/solver.packingSeedSearch:packing_seed.go:138	gsv2-018	120.54	0	0	0.58	0.00481168076986892
source:backpack-brawl-solver/internal/solver.packingSeedSearch:packing_seed.go:138	gsv2-021	11.78	0	0	0.63	0.0534804753820034
source:backpack-brawl-solver/internal/solver.packingSeedSearch:packing_seed.go:138	gsv2-024	80.04	0	0	1.21	0.0151174412793603
source:backpack-brawl-solver/internal/solver.constellationSeedSearch.func5:constellation_seed.go:269	gsv2-013	7.09	0	0	0.35	0.0493653032440056
source:backpack-brawl-solver/internal/solver.constellationSeedSearch.func5:constellation_seed.go:269	gsv2-015	7.13	0	0	0.24	0.0336605890603086
source:backpack-brawl-solver/internal/solver.constellationSeedSearch.func5:constellation_seed.go:269	gsv2-016	8.27	0	0	0.41	0.0495767835550181
source:backpack-brawl-solver/internal/solver.constellationSeedSearch.func5:constellation_seed.go:269	gsv2-018	120.54	0	0	0.35	0.00290360046457607
source:backpack-brawl-solver/internal/solver.constellationSeedSearch.func5:constellation_seed.go:269	gsv2-021	11.78	0	0	0.96	0.0814940577249576
source:backpack-brawl-solver/internal/solver.constellationSeedSearch.func5:constellation_seed.go:269	gsv2-024	80.04	0	0	1.9	0.0237381309345327
source:backpack-brawl-solver/internal/solver.sourceHitsTargetWithCatalog:coverage.go:540	gsv2-013	7.09	0.01	0.00141043723554302	0.79	0.111424541607898
source:backpack-brawl-solver/internal/solver.sourceHitsTargetWithCatalog:coverage.go:540	gsv2-015	7.13	0.01	0.00140252454417952	0.64	0.0897615708274895
source:backpack-brawl-solver/internal/solver.sourceHitsTargetWithCatalog:coverage.go:540	gsv2-016	8.27	0.03	0.00362756952841596	0.56	0.067714631197098
source:backpack-brawl-solver/internal/solver.sourceHitsTargetWithCatalog:coverage.go:540	gsv2-018	120.54	0.01	8.29600132736021E-05	0.24	0.00199104031856645
source:backpack-brawl-solver/internal/solver.sourceHitsTargetWithCatalog:coverage.go:540	gsv2-021	11.78	0.04	0.0033955857385399	1.33	0.112903225806452
source:backpack-brawl-solver/internal/solver.sourceHitsTargetWithCatalog:coverage.go:540	gsv2-024	80.04	0.03	0.000374812593703148	0.98	0.0122438780609695
