case_id,wave,seed,scenario_sha256,usable_cells,inventory_area,density_bps,total_item_instances,distinct_item_definitions,requested_vs_realized,structural_witness
gsv2x-001,A,6469668128529695914,9e597ab47ae0861859c3f76354851c7a6ec299322081d73c00ac329f970f1d39,49,29,5918,17,11,PASS,PASS
gsv2x-002,B,424453490100681303,e200fb9a29c313efa1b19e94ab6266d5dcbfe6f412503db4ed285dcf34aa0827,49,37,7551,15,11,PASS,PASS
gsv2x-003,A,9012903239474115191,ac15c6b2c6eee060e7bbb97fb2d988a4dea77e9b5a3ed55614f3456a8c2cd245,54,32,5925,12,10,PASS,PASS
gsv2x-004,A,4009626681802226980,6ae6692c0cbd8a1c9abfca4494fd80489fb4d38ab6357d1f6096abd1e0a33a94,50,30,6000,15,11,PASS,PASS
gsv2x-005,A,2198222008466656019,f8290f4389f2f2aeaa8c61fd692f6a2a219ba2d03b102c1f1819d906387ccc76,49,48,9795,21,21,PASS,PASS
gsv2x-006,A,6285657302312814407,929221ea5dddecc64d57fef3fbd3ae8689893d4aacc0e0694171ed23ad67581f,49,37,7551,15,11,PASS,PASS
gsv2x-007,A,1299584122135097783,bfa874fd11ae3afb6c1fddf89e31cf45c67e5e9b6c0e164241b97d168d69cf0a,48,36,7500,18,11,PASS,PASS
gsv2x-008,A,8681254267753918804,ca93c8e0854357a03245a5a94abaa4197434cd10f79b3cbe5a8e116b59211a79,50,45,9000,17,16,PASS,PASS
gsv2x-009,B,7912115598316940128,2dca67b24c66c0893ef3733515dd15a0bfdcfe6827cf78cd26d184add393384d,49,48,9795,23,21,PASS,PASS
gsv2x-010,B,3632945516588571433,fd0e2f3f049573fde519da84d79553134fc4e43679986568be5850d66748aeb6,49,29,5918,14,10,PASS,PASS
gsv2x-011,B,6167804114141772998,3a9661d43024c41724eebe61a9bbe3b312bdcd85ee5949bc11120a593c6de647,54,41,7592,15,15,PASS,PASS
gsv2x-012,B,2462218486685153086,125c63e40563345c6fb5a977bbac69abebbef9458b092a5f0f0200132478c5e9,54,49,9074,19,11,PASS,PASS
gsv2x-013,B,7679452717248184622,7f45669b0a66daf3e1cf35f3fa7cb9ef580070f920fdb7c5e278d3713f15f61d,50,48,9600,27,26,PASS,PASS
gsv2x-014,B,3997091582448995340,eba721fd91f9ba6ed9eec351799407a06672c73eb34168b2e21bdd9785215385,49,29,5918,14,11,PASS,PASS
gsv2x-015,B,8459277841809897982,12fcb2018fa715df6350a7d3fa2caf669816667ab42e59a30e51cd4e45553a4c,49,29,5918,11,10,PASS,PASS
gsv2x-016,A,7005275416603068683,bd50b44a71d282d9d646cfac93eba1a8b8302f611b017aada1e6d82e920f536e,48,47,9791,17,11,PASS,PASS
gsv2x-017,A,4192536925152551730,68dc7e7eda95e58028634847e89206a22b8f786d0d19c707c596f74ca12e9981,48,43,8958,16,11,PASS,PASS
gsv2x-018,A,7573076300402436048,32fce8b695078c3c48e38a564adcf1a608a2d82982a0bf1ed52216a34ebe7875,50,37,7400,14,12,PASS,PASS
gsv2x-019,A,920407211344936872,bd1c9343586ee5d33276d924a4109252935bf4c9756776f057eb0326003089d0,49,29,5918,10,9,PASS,PASS
gsv2x-020,B,9186355185321558719,7028fbd829bdf277151ebd77b07019164b9e8f8b6f2d269b572c460232a24f20,49,48,9795,23,13,PASS,PASS
gsv2x-021,B,9131708560602265593,b1816aa45b5d8c666776fe6f13dd7972653ee1ca518cb98eac9b3fc9f55f8e7b,54,49,9074,24,24,PASS,PASS
gsv2x-022,B,6625344167481310897,5d9a21bd81646ffcec099a8bc8260980fba145d187349b4705dc9e3002a8b214,51,38,7450,15,11,PASS,PASS
gsv2x-023,A,1572166742895158243,5ef25815ffb666a26fafd1f044c2705b951a1e491fe67188c14b22546f71a32c,49,44,8979,17,11,PASS,PASS
gsv2x-024,A,241712900214513995,457f6e307907b58f4ecc862033422edaaf09466002f3420f5113e8a402aa7732,49,37,7551,18,17,PASS,PASS
gsv2x-025,A,2949752176828680879,c13deb69034524b199d295d19fbd16006b8be64dc4cf2d56408350c259f8ed9f,54,32,5925,16,16,PASS,PASS
gsv2x-026,B,4819376554702727258,c0be6897e9f05bdaa17a625f08cb3f3adb4aa42600a7aa2ce50eac3c0df030d7,48,47,9791,19,11,PASS,PASS
gsv2x-027,B,8905878051354637062,1b95e6992d5c147a60cef200fe952d0e64d383bad5bf507c1356926f57957002,49,29,5918,12,12,PASS,PASS
gsv2x-028,B,4681740762271795673,15c4d717629f3f871e21508544bb74fb8859cc118304f50bc3e3c27eae9a1925,48,43,8958,20,12,PASS,PASS
gsv2x-029,A,152538744301874253,824474124069e55918fb7929cd5b935fb14a03063fa78415530b624fbd11122f,50,37,7400,18,16,PASS,PASS
gsv2x-030,A,2779268320750195763,812ea77b2c50117d2e33c137b02a7e0006449e92e2405e39b72e3f95ac752639,49,48,9795,18,12,PASS,PASS
gsv2x-031,A,4927346660545389981,6eb79daf2e878662d91204652d9ee2a49d3be6122c4f558acbe3092e36b5578e,54,52,9629,20,13,PASS,PASS
gsv2x-032,B,1442542514410123779,a153187e0e969b33dc22732a895f16851dfb28c77f79d58d8f8a5987799221f6,49,37,7551,16,16,PASS,PASS
gsv2x-033,B,1709028308347592871,b7ef0b94659d32d9e7554f7ed21a471e4cc8a518245dbf585f5720c8255c4c3b,48,43,8958,15,11,PASS,PASS
gsv2x-034,B,1060748620099591357,f8ef3d16bcf8053801633361fc23317d465d13561c28ccc51e8f08574c2f5c91,54,32,5925,16,14,PASS,PASS
gsv2x-035,B,8633749926019529533,ff2d01b54287d497f4390a75fe17c93474b98bd738858ab69aa2cb688e63f470,50,48,9600,18,16,PASS,PASS
gsv2x-036,A,2849697686112455906,d964e37825487d711beafefb74bc3e8b325cd4ef5676b984fffddbff3ecfa5f1,49,44,8979,16,12,PASS,PASS
