candidate_id,family,exact_mechanism,parent,child_exclusive_edge,overlap_group,parent_cpu_seconds,target_cpu_seconds,whole_program_fraction,target_fraction_of_parent,plausible_removal_fraction,heuristic_whole_program_benefit,per_case_cpu_seconds,cpu_present_cases_of_6,cpu_material_cases_of_6,cpu_breadth,operation_breadth_cases_of_14,operation_volume,operation_breadth_note,v4_target_cpu_seconds,alloc_space,alloc_space_fraction,alloc_objects,complexity_class,semantic_risk,evidence_quality,promotion_bar,qualifying_inventory_gate,breadth_gate,benefit_gate,causal_isolation_gate,semantic_risk_gate,overlap_gate,full_promotion_gate,decision,rationale
outgoing-bounded-placement-index,outgoing bound,"replace each outgoing-bound placementByInstanceID string map and its placed-target string lookups with a bounded OriginalIndex placement index, retaining exact fallback for malformed or duplicate index/ID domains",outgoingBoundContext.upperPriorityCounts,exclusive sibling edges at outgoing_bound.go:59 map construction and :82 placed-target lookup,outgoing-placement-index,20.72,9.01,0.094443684762,0.434845559846,0.75,0.030801312731,"{""gsv2-013"":1.6400000000000001,""gsv2-015"":0.85,""gsv2-016"":1.12,""gsv2-018"":1.04,""gsv2-021"":1.89,""gsv2-024"":2.32}",6,6,broad,14,"{""outgoing.placed_map_builds"":10190290,""outgoing.placed_map_insertions"":139985795,""outgoing.target_placement_lookups"":471785825,""outgoing.placed_targets_found"":344287241}","bound-attribution-ops-v1 serializes map builds, insertions, target lookups, and successful finds; the analyzer derives 1M breadth and volume over all fourteen development cases",9.23,17997286906,0.081725787899,11196279,C1,"medium but bounded: OriginalIndex density, duplicate and empty InstanceID behavior, duplicate indices, last-write map semantics, and malformed placements require an exact string-map fallback and differential oracle","high: two non-overlapping source lines are mechanically summed; 6/6 material CPU breadth, 14/14 deterministic operation breadth, V4 reproduction, and direct heap attribution",0.025,PASS,PASS,PASS,PASS,PASS,PASS,PASS,PROMOTE,"the exact shared bounded index removes two disjoint string-map edges, clears the C1 bar conservatively, is broad in CPU and operations, reproduces in V4, and can preserve malformed-domain behavior through an explicit legacy fallback"
incremental-plateau-archive-selection,plateau archive,replace per-observation full selectPlateauEntries regroup-and-multi-sort with an incremental capacity-32 update preserving the exact selected set and order,plateauArchive.observe,selectPlateauEntries,plateau-full-reselection,43.73,35.11,0.199325402252,0.802881317174,0.75,0.120025981129,"{""gsv2-013"":0,""gsv2-015"":0,""gsv2-016"":0,""gsv2-018"":21.85,""gsv2-021"":0,""gsv2-024"":12.56}",2,2,concentrated,unavailable,unavailable,"unavailable: no serialized archive observation, reselection, admission, or selected-order operation counter exists",38.83,119733853838,0.543712149179,26071141,C2,"high: archive membership, order, signature diversity, admissions/rejections, and downstream repair bases are structural search semantics","high causal CPU/heap attribution and V4 reproduction, but objective CPU breadth is concentrated at 2/6 and operation breadth is unavailable",0.03,PASS,FAIL,PASS,PASS,FAIL,PASS,FAIL,REJECT,"despite the largest aggregate edge, it remains material in only two of six cases and fails the frozen broadness and semantic-risk gates while a broad C1 mechanism clears its bar"
outgoing-static-star-compatibility,outgoing bound,reuse an immutable per-stage source-star-target compatibility relation inside sourceHitsTargetWithCatalog instead of reevaluating static catalog predicates,sourceHitsTargetWithCatalog,scoring.StarMatchesCatalogItems caller at coverage.go:540,outgoing-source-target-scan,5.96,4.58,0.027166233648,0.768456375839,0.75,0.015657049091,"{""gsv2-013"":0.69,""gsv2-015"":0.55,""gsv2-016"":0.69,""gsv2-018"":0.22,""gsv2-021"":1.4,""gsv2-024"":0.96}",6,5,broad,14,"{""outgoing.source_hits_target_calls"":344287241,""outgoing.source_hits_target_true"":48710268}",bound-attribution-ops-v1 serializes source-hit calls and outcomes for analyzer-derived fourteen-case breadth,4.58,0,0,0,C1,medium: relation construction and all malformed catalog/star fallbacks must be identical,high source-line isolation with broad CPU and deterministic operation attribution plus exact V4 reproduction,0.025,PASS,PASS,FAIL,PASS,PASS,PASS,FAIL,REJECT,"broad and isolable, but its conservative whole-program benefit remains below the C1 bar"
outgoing-coverage-key-reuse,outgoing bound,reuse an exact precomputed coveragePlacementKey for each placed outgoing source instead of reconstructing it on every bound check,outgoingBoundContext.upperPriorityCounts,coveragePlacementKey,residual-placement-key-work,20.72,2.48,0.094443684762,0.119691119691,0.75,0.008478052783,"{""gsv2-013"":0.61,""gsv2-015"":0.52,""gsv2-016"":0.5,""gsv2-018"":0.22,""gsv2-021"":0.39,""gsv2-024"":0.29}",6,4,broad,14,"{""outgoing.coverage_placement_key_calls"":27072721}",bound-attribution-ops-v1 serializes coverage key calls for analyzer-derived fourteen-case breadth,2.55,1707678876,0.007754580029,41634355,C1,"medium: cache ownership, placement immutability, and exact key lifetime/invalidation require proof","high broad function CPU, heap, and deterministic operations, but the post-R1I-E edge is only 2.48s",0.025,PASS,PASS,FAIL,PASS,PASS,FAIL,FAIL,REJECT,R1I-E reduced the old edge to 2.48s; conservative benefit is below C1 and overlaps the broader residual placement-key family
filtered-removed-options-reuse,priority upper bound,reuse state-valid filteredRemovedOptions results instead of rebuilding retained option slices for repeated priority-bound calls,partialRepairV3PriorityUpperBound,PartialRepairState.filteredRemovedOptions,residual-priority-preparation,4.69,1.48,0.021377455673,0.315565031983,0.75,0.005059483112,"{""gsv2-013"":0.1,""gsv2-015"":0.11,""gsv2-016"":0.13,""gsv2-018"":0.24,""gsv2-021"":0.35,""gsv2-024"":0.79}",6,4,broad,14,"{""priority.removed_option_candidates"":72579678,""priority.removed_options_retained"":51083725}",bound-attribution-ops-v1 serializes option candidates and retained options for analyzer-derived breadth,1.72,6891512869,0.031294401316,2745933,C1,"medium: any key must include anchored occupancy, free cells, removed membership, and option ownership","high broad CPU/heap and deterministic operation attribution, but a small isolated CPU ceiling",0.025,PASS,PASS,FAIL,PASS,PASS,PASS,FAIL,REJECT,"large allocations do not substitute for CPU benefit, which remains far below C1"
preindexed-canonical-copy-ranks,canonical copy order,replace repeated placementRespectsCanonicalCopyOrder string-key comparisons with preindexed physical-copy ranks while preserving the exact canonical oracle,placementRespectsCanonicalCopyOrder,full canonical placement comparison region,canonical-copy-order,4.06,4.06,0.018505857149,1,0.5,0.009252928575,"{""gsv2-013"":0.58,""gsv2-015"":0.29,""gsv2-016"":0.52,""gsv2-018"":0.4,""gsv2-021"":0.85,""gsv2-024"":1.38}",6,5,broad,unavailable,unavailable,unavailable: canonical-copy comparison attempts are not serialized as an independent counter,4.25,654856500,0.002973707298,20262137,C1,medium-high: canonical-copy rejection affects candidate generation and must remain exact,"high broad CPU and allocation attribution, but the removable child below the full parent is not isolated",0.025,PASS,PASS,FAIL,PASS,PASS,PASS,FAIL,REJECT,even crediting half of the full parent remains well below the C1 bar
preindexed-physical-instance-ids,plateau signatures,reuse preindexed physical copy IDs instead of rebuilding and sorting physicalInstanceIDs during canonical link signatures,canonicalLinkTokens,physicalInstanceIDs,plateau-signature-construction,2.91,2.74,0.013264050321,0.941580756014,0.7,0.008742422171,"{""gsv2-013"":0,""gsv2-015"":0,""gsv2-016"":0,""gsv2-018"":1.21,""gsv2-021"":0,""gsv2-024"":1.31}",2,2,concentrated,unavailable,unavailable,unavailable: canonical-link signature and physical-ID constructions are not serialized independently,2.8,3063196226,0.013909992454,26919546,C1,medium: physical-copy naming depends on exact canonical placement ordering,high CPU/heap attribution but objectively concentrated at 2/6 with no operation counter,0.025,PASS,FAIL,FAIL,PASS,PASS,PASS,FAIL,REJECT,concentrated at two of six cases and below the C1 whole-program bar
residual-priority-geometry,priority upper bound,precompute the remaining partialRepairSlotCanHitRemovedTarget geometry relation without changing priority vectors or call frequency,partialRepairV3PriorityUpperBound,partialRepairSlotCanHitRemovedTarget,residual-priority-geometry,4.69,3,0.021377455673,0.639658848614,0.5,0.006837139341,"{""gsv2-013"":0.35,""gsv2-015"":0.17,""gsv2-016"":0.17,""gsv2-018"":0.13,""gsv2-021"":0.77,""gsv2-024"":1.28}",6,5,broad,14,"{""priority.geometry_candidate_checks"":569592092,""priority.star_position_hit_calls"":567835319}",bound-attribution-ops-v1 serializes geometry candidates and star-position calls for analyzer-derived breadth,2.83,0,0,0,C1,medium: all fixed/removed geometry regimes and malformed fallbacks must remain exact,"high broad helper CPU and deterministic operation attribution, but a small post-R1I-C ceiling",0.025,PASS,PASS,FAIL,PASS,PASS,PASS,FAIL,REJECT,broad but conservative benefit is far below the C1 bar
residual-placement-key-buffer,shared placement keys,replace residual placementKey builder construction with an exact fixed-size byte buffer while preserving fallback and every returned key byte,placementKey,full residual builder-backed key construction,residual-placement-key-work,2.81,2.81,0.012808241032,1,0.5,0.006404120516,"{""gsv2-013"":0.76,""gsv2-015"":0.65,""gsv2-016"":0.4,""gsv2-018"":0.24,""gsv2-021"":0.76,""gsv2-024"":0.26}",6,4,broad,unavailable,unavailable,unavailable: no counter covers all placementKey call sites; coverage key calls cover only one subset,3.2,1783686812,0.008099732523,53397012,C0,low if every returned byte and the out-of-range fallback remain exact,"high broad function and heap evidence, but the full post-R1I-E function is only 2.81s and no narrower removable child clears inventory",0.02,PASS,PASS,FAIL,PASS,PASS,PASS,FAIL,REJECT,even the full parent cannot clear the C0 bar under a plausible residual removal fraction
